日期,城市,城市分层,省份,天气,温度,众数配送费,众数配送费门店占比
2026-07-17,深圳,一线城市,广东,中雨,28,0.00,0.6485
2026-07-17,上海,一线城市,上海,阴,38,0.50,0.5221
2026-07-17,北京,一线城市,北京,晴,32,0.50,0.59
2026-07-17,广州,一线城市,广东,中雨,31,0.50,0.3636
2026-07-17,杭州,新一线城市,浙江,多云,37,0.00,0.506
2026-07-17,苏州,新一线城市,江苏,阴,36,0.00,0.5385
2026-07-17,合肥,新一线城市,安徽,小雨,35,0.00,0.7025
2026-07-17,武汉,新一线城市,湖北,阴,36,0.50,0.529
2026-07-17,南京,新一线城市,江苏,小雨,35,0.00,0.5176
2026-07-17,郑州,新一线城市,河南,中雨,30,0.00,0.6087
2026-07-17,长沙,新一线城市,湖南,小雨,38,0.00,0.6508
2026-07-17,东莞,新一线城市,广东,中雨,30,0.00,0.7419
2026-07-17,西安,新一线城市,陕西,多云,33,0.50,0.5345
2026-07-17,青岛,新一线城市,山东,中雨,26,0.00,0.6078
2026-07-17,天津,新一线城市,天津,小雨,33,0.50,0.5263
2026-07-17,佛山,新一线城市,广东,中雨,31,0.00,0.6
2026-07-17,沈阳,二线城市,辽宁,多云,31,0.00,0.5492
2026-07-17,南通,二线城市,江苏,阴,36,0.00,0.7627
2026-07-17,临沂,二线城市,山东,暴雨,29,0.00,0.84
2026-07-17,南昌,二线城市,江西,多云,35,0.00,0.5263
2026-07-17,泉州,二线城市,福建,小雨,32,0.00,0.82
2026-07-17,常州,二线城市,江苏,阴,36,0.00,0.5625
2026-07-17,福州,二线城市,福建,多云,36,0.50,0.5909
2026-07-17,金华,二线城市,浙江,多云,35,0.00,0.725
2026-07-17,温州,二线城市,浙江,多云,37,0.00,0.7714
2026-07-17,无锡,二线城市,江苏,小雨,38,0.00,0.5429
2026-07-17,厦门,二线城市,福建,小雨,31,0.00,0.5625
2026-07-17,惠州,二线城市,广东,大雨,31,0.00,0.7333
2026-07-17,漳州,二线城市,福建,小雨,32,0.00,1.0
2026-07-17,哈尔滨,二线城市,黑龙江,晴,28,0.00,0.7037
2026-07-17,徐州,二线城市,江苏,中雨,32,0.00,0.7692
2026-07-17,石家庄,二线城市,河北,阴,29,0.00,0.8261
2026-07-17,济南,二线城市,山东,大雨,30,0.00,0.8636
2026-07-17,嘉兴,二线城市,浙江,多云,36,0.30,1.0
2026-07-17,南宁,二线城市,广西,中雨,30,0.00,0.7895
2026-07-17,保定,二线城市,河北,多云,31,0.00,1.0
2026-07-17,太原,二线城市,山西,多云,29,0.00,0.5625
2026-07-17,长春,二线城市,吉林,多云,29,0.50,0.5714
2026-07-17,兰州,二线城市,甘肃,多云,31,0.50,0.5
2026-07-17,烟台,二线城市,山东,小雨,24,0.00,1.0
2026-07-17,贵阳,二线城市,贵州,多云,30,0.00,0.625
2026-07-17,昆明,二线城市,云南,中雨,26,0.50,0.6667
2026-07-17,中山,二线城市,广东,中雨,30,0.50,0.6
2026-07-17,珠海,二线城市,广东,大雨,28,0.00,1.0
2026-07-17,五指山,二线城市,海南,多云,31,0.00,1.0
2026-07-17,淮安,三线城市,江苏,小雨,33,0.00,0.7042
2026-07-17,洛阳,三线城市,河南,小雨,28,0.00,1.0
2026-07-17,台州,三线城市,浙江,多云,36,0.00,0.5965
2026-07-17,盐城,三线城市,江苏,小雨,34,0.00,0.8056
2026-07-17,开封,三线城市,河南,中雨,31,0.00,0.9706
2026-07-17,湖州,三线城市,浙江,多云,37,0.00,0.7667
2026-07-17,汕头,三线城市,广东,雷阵雨,31,0.00,1.0
2026-07-17,扬州,三线城市,江苏,小雨,36,0.00,0.6786
2026-07-17,绵阳,三线城市,四川,多云,34,0.00,1.0
2026-07-17,芜湖,三线城市,安徽,晴,35,0.00,1.0
2026-07-17,济宁,三线城市,山东,大雨,27,0.00,1.0
2026-07-17,镇江,三线城市,江苏,小雨,36,0.00,0.7
2026-07-17,阜阳,三线城市,安徽,小雨,33,0.00,1.0
2026-07-17,宿迁,三线城市,江苏,中雨,34,0.00,1.0
2026-07-17,赣州,三线城市,江西,多云,36,0.00,1.0
2026-07-17,六安,三线城市,安徽,小雨,35,0.00,1.0
2026-07-17,南充,三线城市,四川,多云,36,0.00,1.0
2026-07-17,马鞍山,三线城市,安徽,晴,35,0.00,1.0
2026-07-17,宜昌,三线城市,湖北,小雨,35,0.00,0.7143
2026-07-17,莆田,三线城市,福建,小雨,33,0.00,0.7857
2026-07-17,宁德,三线城市,福建,多云,37,0.00,1.0
2026-07-17,滁州,三线城市,安徽,小雨,35,0.00,1.0
2026-07-17,枣庄,三线城市,山东,暴雨,29,0.00,1.0
2026-07-17,宿州,三线城市,安徽,中雨,32,0.00,1.0
2026-07-17,上饶,三线城市,江西,晴,35,0.00,1.0
2026-07-17,揭阳,三线城市,广东,中雨,30,0.00,0.8182
2026-07-17,廊坊,三线城市,河北,多云,31,0.00,1.0
2026-07-17,安庆,三线城市,安徽,晴,33,0.00,1.0
2026-07-17,衡阳,三线城市,湖南,多云,36,0.00,1.0
2026-07-17,咸阳,三线城市,陕西,多云,33,0.00,0.7273
2026-07-17,渭南,三线城市,陕西,多云,35,0.00,1.0
2026-07-17,银川,三线城市,宁夏,多云,32,0.00,0.6
2026-07-17,连云港,三线城市,江苏,中雨,31,0.00,1.0
2026-07-17,岳阳,三线城市,湖南,多云,35,0.00,1.0
2026-07-17,邢台,三线城市,河北,雷阵雨,27,0.00,1.0
2026-07-17,淄博,三线城市,山东,中雨,28,0.00,0.6667
2026-07-17,商丘,三线城市,河南,中雨,31,0.00,1.0
2026-07-17,湛江,三线城市,广东,多云,32,0.00,0.875
2026-07-17,海口,三线城市,海南,小雨,35,0.50,0.5
2026-07-17,荆州,三线城市,湖北,小雨,35,0.00,0.75
2026-07-17,宜春,三线城市,江西,多云,35,0.00,1.0
2026-07-17,肇庆,三线城市,广东,雷阵雨,31,0.00,1.0
2026-07-17,周口,三线城市,河南,小雨,32,0.00,1.0
2026-07-17,聊城,三线城市,山东,大雨,30,0.00,1.0
2026-07-17,信阳,三线城市,河南,大雨,33,0.00,1.0
2026-07-17,九江,三线城市,江西,多云,35,0.00,0.8571
2026-07-17,唐山,三线城市,河北,阴,31,0.00,0.7143
2026-07-17,桂林,三线城市,广西,阵雨,33,0.00,1.0
2026-07-17,泰安,三线城市,山东,暴雨,26,0.00,1.0
2026-07-17,南阳,三线城市,河南,中雨,32,0.00,1.0
2026-07-17,清远,三线城市,广东,雷阵雨,30,0.00,1.0
2026-07-17,柳州,三线城市,广西,阵雨,34,0.00,1.0
2026-07-17,菏泽,三线城市,山东,大雨,30,0.00,1.0
2026-07-17,蚌埠,三线城市,安徽,小雨,34,0.00,1.0
2026-07-17,沧州,三线城市,河北,阴,30,0.00,1.0
2026-07-17,株洲,三线城市,湖南,阴,37,0.00,1.0
2026-07-17,驻马店,三线城市,河南,大雨,34,0.00,1.0
2026-07-17,遵义,三线城市,贵州,阵雨,33,0.00,1.0
2026-07-17,江门,三线城市,广东,中雨,30,0.00,1.0
2026-07-17,潮州,三线城市,广东,中雨,31,0.00,1.0
2026-07-17,威海,三线城市,山东,小雨,25,0.00,1.0
2026-07-17,新乡,三线城市,河南,大雨,28,0.00,1.0
2026-07-17,德州,三线城市,山东,雷阵雨,31,0.00,1.0
2026-07-17,三亚,三线城市,海南,小雨,32,0.50,0.6667
2026-07-17,邯郸,三线城市,河北,雷阵雨,29,0.00,1.0
2026-07-17,琼海,三线城市,海南,多云,35,0.00,1.0
2026-07-17,运城,三线城市,山西,晴,29,0.00,1.0
2026-07-17,西宁,四线城市,青海,小雨,23,0.00,0.975
2026-07-17,云浮,四线城市,广东,雷阵雨,31,0.00,1.0
2026-07-17,自贡,四线城市,四川,阴,34,0.00,1.0
2026-07-17,衢州,四线城市,浙江,多云,36,0.00,1.0
2026-07-17,龙岩,四线城市,福建,小雨,33,0.00,1.0
2026-07-17,德阳,四线城市,四川,多云,33,0.00,1.0
2026-07-17,亳州,四线城市,安徽,中雨,31,0.00,1.0
2026-07-17,宝鸡,四线城市,陕西,多云,34,0.00,1.0
2026-07-17,益阳,四线城市,湖南,阴,35,0.00,1.0
2026-07-17,三明,四线城市,福建,小雨,36,0.00,1.0
2026-07-17,孝感,四线城市,湖北,小雨,35,0.00,1.0
2026-07-17,日照,四线城市,山东,大雨,26,0.00,1.0
2026-07-17,茂名,四线城市,广东,雷阵雨,31,0.00,1.0
2026-07-17,内江,四线城市,四川,雷阵雨,34,0.00,0.9091
2026-07-17,黄冈,四线城市,湖北,阴,36,0.00,1.0
2026-07-17,丽水,四线城市,浙江,多云,38,0.00,1.0
2026-07-17,邵阳,四线城市,湖南,雷阵雨,34,0.00,1.0
2026-07-17,眉山,四线城市,四川,阵雨,32,0.00,0.875
2026-07-17,濮阳,四线城市,河南,小雨,29,0.00,1.0
2026-07-17,宜宾,四线城市,四川,大雨,33,0.00,1.0
2026-07-17,常德,四线城市,湖南,小雨,37,0.00,1.0
2026-07-17,梅州,四线城市,广东,雷阵雨,32,0.00,1.0
2026-07-17,河源,四线城市,广东,雷阵雨,31,0.00,1.0
2026-07-17,营口,四线城市,辽宁,晴,28,0.00,1.0
2026-07-17,咸宁,四线城市,湖北,阴,37,0.00,1.0
2026-07-17,郴州,四线城市,湖南,小雨,34,0.00,1.0
2026-07-17,抚州,四线城市,江西,晴,35,0.00,1.0
2026-07-17,汕尾,四线城市,广东,大雨,29,0.00,1.0
2026-07-17,黔东南苗族侗族自治州,四线城市,贵州,阵雨,33,0.00,1.0
2026-07-17,永州,四线城市,湖南,多云,36,0.00,1.0
2026-07-17,锦州,四线城市,辽宁,晴,31,0.00,1.0
2026-07-17,百色,四线城市,广西,中雨,32,0.00,1.0
2026-07-17,晋中,四线城市,山西,小雨,29,0.00,1.0
2026-07-17,淮南,四线城市,安徽,小雨,34,0.00,1.0
2026-07-17,玉林,四线城市,广西,中雨,32,0.00,1.0
2026-07-17,丹东,四线城市,辽宁,多云,29,0.00,1.0
2026-07-17,衡水,四线城市,河北,雷阵雨,31,0.00,1.0
2026-07-17,乐山,四线城市,四川,阵雨,33,0.00,1.0
2026-07-17,韶关,四线城市,广东,雷阵雨,33,0.00,1.0
2026-07-17,许昌,四线城市,河南,大雨,31,0.00,1.0
2026-07-17,盘锦,四线城市,辽宁,多云,29,0.00,1.0
2026-07-17,景德镇,四线城市,江西,多云,35,0.00,0.6
2026-07-17,宣城,四线城市,安徽,晴,36,0.00,1.0
2026-07-17,东营,四线城市,山东,小雨,29,0.00,1.0
2026-07-17,红河哈尼族彝族自治州,四线城市,云南,中雨,27,0.00,1.0
2026-07-17,武威,四线城市,甘肃,小雨,30,0.00,1.0
2026-07-17,滨州,四线城市,山东,小雨,28,0.00,1.0
2026-07-17,舟山,四线城市,浙江,多云,36,0.00,0.8
2026-07-17,湘潭,四线城市,湖南,晴,37,0.00,1.0
2026-07-17,怀化,四线城市,湖南,雷阵雨,36,0.00,1.0
2026-07-17,南平,四线城市,福建,阴,35,0.00,1.0
2026-07-17,黄石,四线城市,湖北,阴,36,0.00,1.0
2026-07-17,梧州,四线城市,广西,阵雨,32,0.00,1.0
2026-07-17,昭通,四线城市,云南,小雨,25,0.00,1.0
2026-07-17,六盘水,四线城市,贵州,中雨,26,0.00,1.0
2026-07-17,焦作,四线城市,河南,小雨,29,0.00,1.0
2026-07-17,榆林,四线城市,陕西,晴,30,0.00,0.75
2026-07-17,达州,四线城市,四川,阵雨,34,0.00,1.0
2026-07-17,赤峰,四线城市,内蒙古,多云,30,0.00,1.0
2026-07-17,吉林,四线城市,吉林,小雨,28,0.00,1.0
2026-07-17,承德,四线城市,河北,多云,30,0.00,1.0
2026-07-17,鞍山,四线城市,辽宁,晴,31,0.00,1.0
2026-07-17,大理白族自治州,四线城市,云南,小雨,24,0.00,1.0
2026-07-17,大同,四线城市,山西,晴,30,0.00,1.0
2026-07-17,铜陵,四线城市,安徽,雷阵雨,35,0.00,1.0
2026-07-17,平顶山,四线城市,河南,大雨,30,0.00,1.0
2026-07-17,新余,四线城市,江西,多云,35,0.00,1.0
2026-07-17,毕节,四线城市,贵州,阵雨,26,0.00,0.6667
2026-07-17,汉中,四线城市,陕西,阴,33,0.00,1.0
2026-07-17,黔南布依族苗族自治州,四线城市,贵州,阵雨,30,0.00,1.0
2026-07-17,曲靖,四线城市,云南,小雨,27,0.00,1.0
2026-07-17,娄底,四线城市,湖南,多云,35,0.30,0.5
2026-07-17,白银,四线城市,甘肃,多云,29,0.00,1.0
2026-07-17,张家口,四线城市,河北,多云,31,0.00,1.0
2026-07-17,文昌,四线城市,海南,雷阵雨,33,0.00,1.0
2026-07-17,黄山,四线城市,安徽,多云,35,0.00,1.0
2026-07-17,泸州,四线城市,四川,大雨,33,0.00,1.0
2026-07-17,鄂州,四线城市,湖北,阴,36,0.00,1.0
2026-07-17,吉安,四线城市,江西,晴,36,0.00,1.0
2026-07-17,大庆,四线城市,黑龙江,晴,29,0.00,1.0
2026-07-17,秦皇岛,四线城市,河北,阴,30,0.50,1.0
2026-07-17,长治,四线城市,山西,小雨,22,0.00,1.0
2026-07-17,十堰,四线城市,湖北,小雨,33,0.00,1.0
2026-07-17,临汾,四线城市,山西,晴,31,0.00,1.0
2026-07-17,淮北,四线城市,安徽,中雨,31,0.00,1.0
2026-07-17,恩施土家族苗族自治州,五线城市,湖北,小雨,33,0.00,1.0
2026-07-17,遂宁,五线城市,四川,雷阵雨,34,0.00,1.0
2026-07-17,荆门,五线城市,湖北,小雨,33,0.00,1.0
2026-07-17,广安,五线城市,四川,雷阵雨,33,0.00,0.875
2026-07-17,延安,五线城市,陕西,多云,28,0.00,1.0
2026-07-17,张家界,五线城市,湖南,小雨,36,0.00,1.0
2026-07-17,资阳,五线城市,四川,雷阵雨,34,0.00,1.0
2026-07-17,天水,五线城市,甘肃,多云,32,0.00,1.0
2026-07-17,铁岭,五线城市,辽宁,晴,31,0.00,1.0
2026-07-17,仙桃,五线城市,湖北,阴,35,0.00,1.0
2026-07-17,白城,五线城市,吉林,多云,29,0.00,1.0
2026-07-17,石嘴山,五线城市,宁夏,多云,32,0.00,1.0
2026-07-17,辽阳,五线城市,辽宁,多云,31,0.00,1.0
2026-07-17,葫芦岛,五线城市,辽宁,多云,31,0.00,1.0
2026-07-17,雅安,五线城市,四川,阵雨,31,0.00,1.0
2026-07-17,阜新,五线城市,辽宁,晴,31,0.00,1.0
2026-07-17,贺州,五线城市,广西,阵雨,33,0.00,1.0
2026-07-17,朝阳,五线城市,辽宁,晴,33,0.00,1.0
2026-07-17,池州,五线城市,安徽,晴,34,0.00,1.0
2026-07-17,抚顺,五线城市,辽宁,多云,31,0.00,1.0
2026-07-17,西双版纳傣族自治州,五线城市,云南,小雨,28,0.00,1.0
2026-07-17,楚雄彝族自治州,五线城市,云南,中雨,26,0.00,1.0
2026-07-17,防城港,五线城市,广西,大雨,29,0.00,1.0
2026-07-17,玉溪,五线城市,云南,中雨,26,0.00,1.0
2026-07-17,鹰潭,五线城市,江西,多云,36,0.00,1.0
2026-07-17,通化,五线城市,吉林,多云,29,0.00,1.0
2026-07-17,安康,五线城市,陕西,小雨,36,0.00,1.0
2026-07-17,本溪,五线城市,辽宁,多云,30,0.00,1.0
2026-07-17,辽源,五线城市,吉林,多云,28,0.00,1.0
2026-07-17,庆阳,五线城市,甘肃,阴,25,0.00,1.0
2026-07-17,延边,五线城市,吉林,多云,32,0.00,1.0
2026-07-17,湘西土家族苗族自治州,五线城市,湖南,小雨,35,0.00,1.0
2026-07-17,临夏回族自治州,五线城市,甘肃,小雨,27,0.00,1.0
2026-07-17,金昌,五线城市,甘肃,小雨,29,0.00,1.0
2026-07-17,广元,五线城市,四川,多云,35,0.00,1.0
2026-07-17,佳木斯,五线城市,黑龙江,阵雨,28,0.50,0.5
2026-07-17,德宏傣族景颇族自治州,五线城市,云南,中雨,26,0.00,1.0
2026-07-17,四平,五线城市,吉林,多云,29,0.00,1.0
2026-07-17,随州,五线城市,湖北,小雨,35,0.00,1.0
2026-07-17,萍乡,五线城市,江西,多云,36,0.00,1.0
2026-07-17,儋州,五线城市,海南,多云,34,0.00,1.0
2026-07-17,普洱,五线城市,云南,小雨,24,0.00,1.0
2026-07-17,文山壮族苗族自治州,五线城市,云南,中雨,27,0.00,1.0
2026-07-17,济源,五线城市,河南,小雨,27,0.00,1.0
2026-07-17,万宁,五线城市,海南,多云,33,0.00,1.0
2026-07-17,鹤壁,五线城市,河南,小雨,29,0.00,1.0
2026-07-17,绥化,五线城市,黑龙江,晴,27,0.00,1.0
2026-07-17,中卫,五线城市,宁夏,多云,32,0.00,1.0
2026-07-17,崇左,五线城市,广西,中雨,31,0.00,1.0
2026-07-17,固原,五线城市,宁夏,多云,27,0.00,1.0
2026-07-17,陇南,五线城市,甘肃,阴,33,0.00,1.0
2026-07-17,伊春,五线城市,黑龙江,阵雨,25,0.00,1.0
2026-07-17,忻州,五线城市,山西,多云,29,0.00,1.0
2026-07-17,铜仁,五线城市,贵州,多云,36,0.00,1.0
2026-07-17,东方,五线城市,海南,多云,32,0.00,1.0
2026-07-17,七台河,五线城市,黑龙江,多云,29,0.00,1.0
2026-07-17,钦州,五线城市,广西,暴雨,30,0.00,1.0
2026-07-17,来宾,五线城市,广西,阵雨,32,0.00,1.0
2026-07-17,吴忠,五线城市,宁夏,多云,31,0.00,1.0
2026-07-17,通辽,五线城市,内蒙古,晴,31,0.00,1.0
2026-07-17,巴中,五线城市,四川,雷阵雨,35,0.00,1.0
2026-07-17,乌兰察布,五线城市,内蒙古,多云,27,0.00,1.0
2026-07-17,松原,五线城市,吉林,多云,30,0.00,1.0
2026-07-17,潜江,五线城市,湖北,小雨,35,0.00,1.0
2026-07-17,凉山彝族自治州,五线城市,四川,阵雨,30,0.00,1.0
2026-07-17,定西,,甘肃,小雨,26,,
2026-07-17,阳泉,,山西,小雨,29,,
2026-07-17,黔西南布依族苗族自治州,,贵州,阵雨,28,,
2026-07-17,贵港,,广西,中雨,31,,
2026-07-17,大连,,辽宁,多云,28,,
2026-07-17,阳江,,广东,中雨,31,,
2026-07-17,成都,,四川,阴,34,,
2026-07-17,吕梁,,山西,多云,28,,
2026-07-17,呼伦贝尔,,内蒙古,多云,24,,
2026-07-17,怒江傈僳族自治州,,云南,中雨,30,,
2026-07-17,商洛,,陕西,阴,32,,
2026-07-17,襄阳,,湖北,小雨,32,,
2026-07-17,呼和浩特,,内蒙古,小雨,29,,
2026-07-17,朔州,,山西,晴,29,,
2026-07-17,鹤岗,,黑龙江,多云,27,,
2026-07-17,北海,,广西,中雨,31,,
2026-07-17,拉萨,,西藏,中雨,25,,
2026-07-17,三门峡,,河南,小雨,28,,
2026-07-17,潍坊,,山东,小雨,25,,
2026-07-17,泰州,,江苏,小雨,35,,
2026-07-17,安阳,,河南,中雨,28,,
2026-07-17,宁波,,浙江,小雨,37,,
2026-07-17,重庆,,重庆,小雨,38,,
2026-07-17,河池,,广西,阵雨,32,,
2026-07-17,绍兴,,浙江,多云,37,,
2026-07-17,鸡西,,黑龙江,晴,31,,
2026-07-17,兴安,,内蒙古,晴,28,,
2026-07-18,深圳,一线城市,广东,雷阵雨,30,0.00,0.6485
2026-07-18,上海,一线城市,上海,小雨,35,0.50,0.5221
2026-07-18,北京,一线城市,北京,小雨,28,0.50,0.59
2026-07-18,广州,一线城市,广东,雷阵雨,32,0.50,0.5
2026-07-18,杭州,新一线城市,浙江,小雨,35,0.00,0.506
2026-07-18,苏州,新一线城市,江苏,小雨,33,0.00,0.5385
2026-07-18,合肥,新一线城市,安徽,小雨,30,0.00,0.7025
2026-07-18,武汉,新一线城市,湖北,小雨,31,0.50,0.529
2026-07-18,南京,新一线城市,江苏,阴,32,0.00,0.5176
2026-07-18,郑州,新一线城市,河南,多云,33,0.00,0.6087
2026-07-18,东莞,新一线城市,广东,雷阵雨,31,0.00,0.7419
2026-07-18,西安,新一线城市,陕西,多云,32,0.50,0.5345
2026-07-18,青岛,新一线城市,山东,多云,29,0.00,0.6078
2026-07-18,长沙,新一线城市,湖南,雷阵雨,33,0.00,0.82
2026-07-18,天津,新一线城市,天津,雷阵雨,34,0.50,0.5263
2026-07-18,佛山,新一线城市,广东,雷阵雨,33,0.00,0.6
2026-07-18,沈阳,二线城市,辽宁,多云,32,0.00,0.5492
2026-07-18,南通,二线城市,江苏,中雨,32,0.00,0.7627
2026-07-18,临沂,二线城市,山东,多云,31,0.00,0.84
2026-07-18,南昌,二线城市,江西,雷阵雨,35,0.00,0.5263
2026-07-18,泉州,二线城市,福建,小雨,33,0.00,0.82
2026-07-18,常州,二线城市,江苏,小雨,34,0.00,0.5625
2026-07-18,福州,二线城市,福建,小雨,36,0.50,0.5909
2026-07-18,金华,二线城市,浙江,小雨,35,0.00,0.725
2026-07-18,温州,二线城市,浙江,多云,38,0.00,0.7714
2026-07-18,无锡,二线城市,江苏,小雨,35,0.00,0.5429
2026-07-18,厦门,二线城市,福建,小雨,32,0.00,0.5625
2026-07-18,惠州,二线城市,广东,雷阵雨,32,0.00,0.7333
2026-07-18,漳州,二线城市,福建,小雨,35,0.00,1.0
2026-07-18,哈尔滨,二线城市,黑龙江,多云,30,0.00,0.7037
2026-07-18,徐州,二线城市,江苏,多云,30,0.00,0.7692
2026-07-18,石家庄,二线城市,河北,多云,31,0.00,0.8261
2026-07-18,济南,二线城市,山东,多云,32,0.00,0.8636
2026-07-18,南宁,二线城市,广西,阵雨,31,0.00,0.7895
2026-07-18,保定,二线城市,河北,雷阵雨,30,0.00,1.0
2026-07-18,太原,二线城市,山西,小雨,32,0.00,0.5625
2026-07-18,长春,二线城市,吉林,阴,28,0.50,0.5714
2026-07-18,兰州,二线城市,甘肃,多云,30,0.50,0.5
2026-07-18,烟台,二线城市,山东,多云,25,0.00,1.0
2026-07-18,贵阳,二线城市,贵州,阵雨,26,0.00,0.625
2026-07-18,昆明,二线城市,云南,小雨,24,0.50,0.6667
2026-07-18,中山,二线城市,广东,雷阵雨,31,0.50,0.6
2026-07-18,珠海,二线城市,广东,雷阵雨,30,0.00,1.0
2026-07-18,五指山,二线城市,海南,雷阵雨,31,0.00,1.0
2026-07-18,淮安,三线城市,江苏,小雨,29,0.00,0.7042
2026-07-18,洛阳,三线城市,河南,阴,34,0.00,1.0
2026-07-18,台州,三线城市,浙江,多云,36,0.00,0.5965
2026-07-18,盐城,三线城市,江苏,小雨,32,0.00,0.8056
2026-07-18,开封,三线城市,河南,阴,33,0.00,0.9706
2026-07-18,湖州,三线城市,浙江,小雨,34,0.00,0.7667
2026-07-18,汕头,三线城市,广东,雷阵雨,31,0.00,1.0
2026-07-18,扬州,三线城市,江苏,多云,32,0.00,0.6786
2026-07-18,绵阳,三线城市,四川,阴,33,0.00,1.0
2026-07-18,芜湖,三线城市,安徽,小雨,32,0.00,1.0
2026-07-18,济宁,三线城市,山东,多云,30,0.00,1.0
2026-07-18,镇江,三线城市,江苏,多云,34,0.00,0.7
2026-07-18,阜阳,三线城市,安徽,小雨,31,0.00,1.0
2026-07-18,宿迁,三线城市,江苏,阴,31,0.00,1.0
2026-07-18,赣州,三线城市,江西,雷阵雨,36,0.00,1.0
2026-07-18,六安,三线城市,安徽,小雨,29,0.00,1.0
2026-07-18,南充,三线城市,四川,多云,35,0.00,1.0
2026-07-18,马鞍山,三线城市,安徽,小雨,32,0.00,1.0
2026-07-18,宜昌,三线城市,湖北,小雨,27,0.00,0.7143
2026-07-18,莆田,三线城市,福建,小雨,34,0.00,0.7857
2026-07-18,滁州,三线城市,安徽,小雨,31,0.00,1.0
2026-07-18,宁德,三线城市,福建,小雨,36,0.00,1.0
2026-07-18,枣庄,三线城市,山东,阴,30,0.00,1.0
2026-07-18,宿州,三线城市,安徽,小雨,30,0.00,1.0
2026-07-18,上饶,三线城市,江西,多云,34,0.00,1.0
2026-07-18,衡阳,三线城市,湖南,阴,36,0.00,1.0
2026-07-18,揭阳,三线城市,广东,中雨,31,0.00,0.8182
2026-07-18,廊坊,三线城市,河北,雷阵雨,30,0.00,1.0
2026-07-18,安庆,三线城市,安徽,中雨,31,0.00,1.0
2026-07-18,咸阳,三线城市,陕西,多云,33,0.00,0.7273
2026-07-18,连云港,三线城市,江苏,阴,28,0.00,1.0
2026-07-18,渭南,三线城市,陕西,多云,36,0.00,1.0
2026-07-18,银川,三线城市,宁夏,多云,33,0.00,0.6
2026-07-18,岳阳,三线城市,湖南,小雨,32,0.00,1.0
2026-07-18,邢台,三线城市,河北,中雨,30,0.00,1.0
2026-07-18,淄博,三线城市,山东,多云,31,0.00,0.6667
2026-07-18,商丘,三线城市,河南,多云,32,0.00,1.0
2026-07-18,荆州,三线城市,湖北,小雨,29,0.00,0.75
2026-07-18,湛江,三线城市,广东,多云,33,0.00,0.875
2026-07-18,海口,三线城市,海南,小雨,35,0.50,0.5
2026-07-18,肇庆,三线城市,广东,雷阵雨,32,0.00,1.0
2026-07-18,周口,三线城市,河南,阴,35,0.00,1.0
2026-07-18,宜春,三线城市,江西,雷阵雨,35,0.00,1.0
2026-07-18,九江,三线城市,江西,雷阵雨,33,0.00,0.8571
2026-07-18,信阳,三线城市,河南,小雨,33,0.00,1.0
2026-07-18,聊城,三线城市,山东,多云,31,0.00,1.0
2026-07-18,桂林,三线城市,广西,阵雨,32,0.00,1.0
2026-07-18,泰安,三线城市,山东,晴,31,0.00,1.0
2026-07-18,唐山,三线城市,河北,多云,31,0.00,0.7143
2026-07-18,清远,三线城市,广东,雷阵雨,32,0.00,1.0
2026-07-18,柳州,三线城市,广西,阵雨,34,0.00,1.0
2026-07-18,南阳,三线城市,河南,多云,34,0.00,1.0
2026-07-18,蚌埠,三线城市,安徽,小雨,29,0.00,1.0
2026-07-18,沧州,三线城市,河北,阴,33,0.00,1.0
2026-07-18,菏泽,三线城市,山东,多云,32,0.00,1.0
2026-07-18,株洲,三线城市,湖南,小雨,35,0.00,1.0
2026-07-18,遵义,三线城市,贵州,阵雨,29,0.00,1.0
2026-07-18,驻马店,三线城市,河南,阴,33,0.00,1.0
2026-07-18,江门,三线城市,广东,雷阵雨,32,0.00,1.0
2026-07-18,潮州,三线城市,广东,雷阵雨,32,0.00,1.0
2026-07-18,威海,三线城市,山东,多云,26,0.00,1.0
2026-07-18,新乡,三线城市,河南,阴,33,0.00,1.0
2026-07-18,三亚,三线城市,海南,小雨,32,0.50,0.6667
2026-07-18,德州,三线城市,山东,多云,32,0.00,1.0
2026-07-18,邯郸,三线城市,河北,雷阵雨,32,0.00,1.0
2026-07-18,琼海,三线城市,海南,雷阵雨,35,0.00,1.0
2026-07-18,运城,三线城市,山西,多云,33,0.00,1.0
2026-07-18,西宁,四线城市,青海,晴,28,0.00,0.975
2026-07-18,云浮,四线城市,广东,雷阵雨,33,0.00,1.0
2026-07-18,自贡,四线城市,四川,阴,34,0.00,1.0
2026-07-18,衢州,四线城市,浙江,小雨,36,0.00,1.0
2026-07-18,德阳,四线城市,四川,阴,34,0.00,1.0
2026-07-18,龙岩,四线城市,福建,小雨,33,0.00,1.0
2026-07-18,宝鸡,四线城市,陕西,多云,33,0.00,1.0
2026-07-18,亳州,四线城市,安徽,晴,33,0.00,1.0
2026-07-18,益阳,四线城市,湖南,小雨,32,0.00,1.0
2026-07-18,三明,四线城市,福建,小雨,36,0.00,1.0
2026-07-18,孝感,四线城市,湖北,小雨,30,0.00,1.0
2026-07-18,日照,四线城市,山东,多云,28,0.00,1.0
2026-07-18,茂名,四线城市,广东,雷阵雨,33,0.00,1.0
2026-07-18,内江,四线城市,四川,阵雨,35,0.00,0.9091
2026-07-18,黄冈,四线城市,湖北,小雨,31,0.00,1.0
2026-07-18,丽水,四线城市,浙江,多云,38,0.00,1.0
2026-07-18,邵阳,四线城市,湖南,雷阵雨,33,0.00,1.0
2026-07-18,濮阳,四线城市,河南,多云,31,0.00,1.0
2026-07-18,眉山,四线城市,四川,阴,34,0.00,0.875
2026-07-18,宜宾,四线城市,四川,阵雨,35,0.00,1.0
2026-07-18,常德,四线城市,湖南,中雨,31,0.00,1.0
2026-07-18,营口,四线城市,辽宁,晴,30,0.00,1.0
2026-07-18,梅州,四线城市,广东,雷阵雨,34,0.00,1.0
2026-07-18,河源,四线城市,广东,雷阵雨,33,0.00,1.0
2026-07-18,抚州,四线城市,江西,晴,34,0.00,1.0
2026-07-18,郴州,四线城市,湖南,小雨,34,0.00,1.0
2026-07-18,咸宁,四线城市,湖北,小雨,30,0.00,1.0
2026-07-18,汕尾,四线城市,广东,中雨,29,0.00,1.0
2026-07-18,黔东南苗族侗族自治州,四线城市,贵州,阵雨,33,0.00,1.0
2026-07-18,永州,四线城市,湖南,雷阵雨,34,0.00,1.0
2026-07-18,晋中,四线城市,山西,小雨,32,0.00,1.0
2026-07-18,淮南,四线城市,安徽,小雨,29,0.00,1.0
2026-07-18,衡水,四线城市,河北,阴,32,0.00,1.0
2026-07-18,丹东,四线城市,辽宁,多云,31,0.00,1.0
2026-07-18,百色,四线城市,广西,阵雨,32,0.00,1.0
2026-07-18,玉林,四线城市,广西,雷阵雨,32,0.00,1.0
2026-07-18,锦州,四线城市,辽宁,多云,30,0.00,1.0
2026-07-18,盘锦,四线城市,辽宁,阴,31,0.00,1.0
2026-07-18,滨州,四线城市,山东,多云,31,0.00,1.0
2026-07-18,武威,四线城市,甘肃,晴,31,0.00,1.0
2026-07-18,韶关,四线城市,广东,雷阵雨,34,0.00,1.0
2026-07-18,东营,四线城市,山东,多云,31,0.00,1.0
2026-07-18,宣城,四线城市,安徽,小雨,32,0.00,1.0
2026-07-18,红河哈尼族彝族自治州,四线城市,云南,中雨,27,0.00,1.0
2026-07-18,许昌,四线城市,河南,多云,33,0.00,1.0
2026-07-18,乐山,四线城市,四川,多云,34,0.00,1.0
2026-07-18,景德镇,四线城市,江西,小雨,35,0.00,0.6
2026-07-18,湘潭,四线城市,湖南,小雨,35,0.00,1.0
2026-07-18,舟山,四线城市,浙江,多云,36,0.00,0.8
2026-07-18,怀化,四线城市,湖南,雷阵雨,35,0.00,1.0
2026-07-18,黄石,四线城市,湖北,小雨,30,0.00,1.0
2026-07-18,南平,四线城市,福建,阴,35,0.00,1.0
2026-07-18,梧州,四线城市,广西,阵雨,33,0.00,1.0
2026-07-18,赤峰,四线城市,内蒙古,小雨,28,0.00,1.0
2026-07-18,榆林,四线城市,陕西,多云,30,0.00,0.75
2026-07-18,达州,四线城市,四川,阴,35,0.00,1.0
2026-07-18,焦作,四线城市,河南,多云,34,0.00,1.0
2026-07-18,昭通,四线城市,云南,多云,25,0.00,1.0
2026-07-18,六盘水,四线城市,贵州,阵雨,25,0.00,1.0
2026-07-18,吉林,四线城市,吉林,阴,30,0.00,1.0
2026-07-18,鞍山,四线城市,辽宁,多云,32,0.00,1.0
2026-07-18,承德,四线城市,河北,阴,30,0.00,1.0
2026-07-18,大同,四线城市,山西,小雨,29,0.00,1.0
2026-07-18,铜陵,四线城市,安徽,雷阵雨,32,0.00,1.0
2026-07-18,大理白族自治州,四线城市,云南,中雨,23,0.00,1.0
2026-07-18,新余,四线城市,江西,阵雨,34,0.00,1.0
2026-07-18,平顶山,四线城市,河南,阴,33,0.00,1.0
2026-07-18,毕节,四线城市,贵州,阴,28,0.00,0.6667
2026-07-18,汉中,四线城市,陕西,阴,34,0.00,1.0
2026-07-18,黔南布依族苗族自治州,四线城市,贵州,阵雨,29,0.00,1.0
2026-07-18,曲靖,四线城市,云南,小雨,25,0.00,1.0
2026-07-18,白银,四线城市,甘肃,阵雨,30,0.00,1.0
2026-07-18,张家口,四线城市,河北,雷阵雨,30,0.00,1.0
2026-07-18,泸州,四线城市,四川,阵雨,33,0.00,1.0
2026-07-18,黄山,四线城市,安徽,小雨,33,0.00,1.0
2026-07-18,文昌,四线城市,海南,雷阵雨,34,0.00,1.0
2026-07-18,鄂州,四线城市,湖北,小雨,30,0.00,1.0
2026-07-18,吉安,四线城市,江西,多云,36,0.00,1.0
2026-07-18,大庆,四线城市,黑龙江,小雨,29,0.00,1.0
2026-07-18,秦皇岛,四线城市,河北,多云,30,0.50,1.0
2026-07-18,长治,四线城市,山西,小雨,29,0.00,1.0
2026-07-18,临汾,四线城市,山西,多云,32,0.00,1.0
2026-07-18,十堰,四线城市,湖北,小雨,34,0.00,1.0
2026-07-18,淮北,四线城市,安徽,小雨,31,0.00,1.0
2026-07-18,娄底,四线城市,湖南,小雨,33,0.00,1.0
2026-07-18,恩施土家族苗族自治州,五线城市,湖北,中雨,27,0.00,1.0
2026-07-18,遂宁,五线城市,四川,雷阵雨,34,0.00,1.0
2026-07-18,荆门,五线城市,湖北,小雨,28,0.00,1.0
2026-07-18,延安,五线城市,陕西,多云,28,0.00,1.0
2026-07-18,广安,五线城市,四川,雷阵雨,33,0.00,0.875
2026-07-18,资阳,五线城市,四川,阴,35,0.00,1.0
2026-07-18,天水,五线城市,甘肃,多云,30,0.00,1.0
2026-07-18,张家界,五线城市,湖南,中雨,30,0.00,1.0
2026-07-18,铁岭,五线城市,辽宁,雷阵雨,32,0.00,1.0
2026-07-18,白城,五线城市,吉林,小雨,28,0.00,1.0
2026-07-18,仙桃,五线城市,湖北,小雨,30,0.00,1.0
2026-07-18,雅安,五线城市,四川,阵雨,31,0.00,1.0
2026-07-18,贺州,五线城市,广西,阵雨,34,0.00,1.0
2026-07-18,辽阳,五线城市,辽宁,雷阵雨,32,0.00,1.0
2026-07-18,葫芦岛,五线城市,辽宁,多云,31,0.00,1.0
2026-07-18,石嘴山,五线城市,宁夏,多云,33,0.00,1.0
2026-07-18,朝阳,五线城市,辽宁,小雨,32,0.00,1.0
2026-07-18,阜新,五线城市,辽宁,雷阵雨,32,0.00,1.0
2026-07-18,池州,五线城市,安徽,小雨,32,0.00,1.0
2026-07-18,抚顺,五线城市,辽宁,雷阵雨,32,0.00,1.0
2026-07-18,楚雄彝族自治州,五线城市,云南,中雨,25,0.00,1.0
2026-07-18,西双版纳傣族自治州,五线城市,云南,阵雨,29,0.00,1.0
2026-07-18,鹰潭,五线城市,江西,多云,35,0.00,1.0
2026-07-18,通化,五线城市,吉林,多云,31,0.00,1.0
2026-07-18,玉溪,五线城市,云南,大雨,25,0.00,1.0
2026-07-18,防城港,五线城市,广西,中雨,31,0.00,1.0
2026-07-18,安康,五线城市,陕西,阴,33,0.00,1.0
2026-07-18,湘西土家族苗族自治州,五线城市,湖南,小雨,34,0.00,1.0
2026-07-18,广元,五线城市,四川,阴,35,0.00,1.0
2026-07-18,本溪,五线城市,辽宁,多云,30,0.00,1.0
2026-07-18,临夏回族自治州,五线城市,甘肃,晴,27,0.00,1.0
2026-07-18,金昌,五线城市,甘肃,晴,32,0.00,1.0
2026-07-18,延边,五线城市,吉林,阴,30,0.00,1.0
2026-07-18,辽源,五线城市,吉林,小雨,30,0.00,1.0
2026-07-18,庆阳,五线城市,甘肃,多云,28,0.00,1.0
2026-07-18,佳木斯,五线城市,黑龙江,多云,30,0.50,0.5
2026-07-18,济源,五线城市,河南,多云,33,0.00,1.0
2026-07-18,儋州,五线城市,海南,多云,34,0.00,1.0
2026-07-18,文山壮族苗族自治州,五线城市,云南,小雨,27,0.00,1.0
2026-07-18,普洱,五线城市,云南,小雨,23,0.00,1.0
2026-07-18,万宁,五线城市,海南,多云,33,0.00,1.0
2026-07-18,德宏傣族景颇族自治州,五线城市,云南,小雨,25,0.00,1.0
2026-07-18,萍乡,五线城市,江西,阵雨,34,0.00,1.0
2026-07-18,四平,五线城市,吉林,小雨,29,0.00,1.0
2026-07-18,随州,五线城市,湖北,小雨,27,0.00,1.0
2026-07-18,崇左,五线城市,广西,小雨,31,0.00,1.0
2026-07-18,鹤壁,五线城市,河南,多云,32,0.00,1.0
2026-07-18,固原,五线城市,宁夏,多云,28,0.00,1.0
2026-07-18,中卫,五线城市,宁夏,多云,33,0.00,1.0
2026-07-18,陇南,五线城市,甘肃,阴,33,0.00,1.0
2026-07-18,绥化,五线城市,黑龙江,阵雨,28,0.00,1.0
2026-07-18,铜仁,五线城市,贵州,雷阵雨,32,0.00,1.0
2026-07-18,忻州,五线城市,山西,小雨,30,0.00,1.0
2026-07-18,吴忠,五线城市,宁夏,多云,34,0.00,1.0
2026-07-18,钦州,五线城市,广西,阵雨,31,0.00,1.0
2026-07-18,凉山彝族自治州,五线城市,四川,阵雨,26,0.00,1.0
2026-07-18,伊春,五线城市,黑龙江,阵雨,28,0.00,1.0
2026-07-18,东方,五线城市,海南,多云,32,0.00,1.0
2026-07-18,潜江,五线城市,湖北,小雨,29,0.00,1.0
2026-07-18,来宾,五线城市,广西,阵雨,32,0.00,1.0
2026-07-18,七台河,五线城市,黑龙江,多云,30,0.00,1.0
2026-07-18,松原,五线城市,吉林,阴,30,0.00,1.0
2026-07-18,乌兰察布,五线城市,内蒙古,多云,26,0.00,1.0
2026-07-18,巴中,五线城市,四川,阴,36,0.00,1.0
2026-07-18,通辽,五线城市,内蒙古,中雨,29,0.00,1.0
2026-07-18,大连,,辽宁,多云,28,,
2026-07-18,呼伦贝尔,,内蒙古,晴,26,,
2026-07-18,阳江,,广东,雷阵雨,32,,
2026-07-18,商洛,,陕西,阴,31,,
2026-07-18,贵港,,广西,阵雨,32,,
2026-07-18,成都,,四川,阴,33,,
2026-07-18,阳泉,,山西,小雨,30,,
2026-07-18,朔州,,山西,小雨,27,,
2026-07-18,北海,,广西,雷阵雨,32,,
2026-07-18,呼和浩特,,内蒙古,多云,29,,
2026-07-18,黔西南布依族苗族自治州,,贵州,阵雨,27,,
2026-07-18,鹤岗,,黑龙江,多云,28,,
2026-07-18,吕梁,,山西,晴,32,,
2026-07-18,怒江傈僳族自治州,,云南,小雨,28,,
2026-07-18,拉萨,,西藏,中雨,22,,
2026-07-18,襄阳,,湖北,小雨,28,,
2026-07-18,定西,,甘肃,多云,26,,
2026-07-18,绍兴,,浙江,小雨,36,,
2026-07-18,宁波,,浙江,多云,36,,
2026-07-18,三门峡,,河南,多云,31,,
2026-07-18,泰州,,江苏,小雨,34,,
2026-07-18,河池,,广西,阵雨,32,,
2026-07-18,鸡西,,黑龙江,小雨,30,,
2026-07-18,潍坊,,山东,阴,30,,
2026-07-18,兴安,,内蒙古,阵雨,26,,
2026-07-18,重庆,,重庆,多云,35,,
2026-07-18,安阳,,河南,小雨,32,,
2026-07-18,嘉兴,,浙江,多云,35,,
2026-07-19,深圳,一线城市,广东,雷阵雨,31,0.00,1.0
2026-07-19,上海,一线城市,上海,中雨,32,0.00,1.0
2026-07-19,北京,一线城市,北京,多云,31,0.00,1.0
2026-07-19,广州,一线城市,广东,中雨,32,0.00,1.0
2026-07-19,杭州,新一线城市,浙江,小雨,32,0.00,1.0
2026-07-19,苏州,新一线城市,江苏,大雨,32,0.00,0.9534
2026-07-19,合肥,新一线城市,安徽,小雨,30,0.00,0.8038
2026-07-19,武汉,新一线城市,湖北,阴,30,0.00,0.9928
2026-07-19,南京,新一线城市,江苏,大雨,29,0.00,0.9882
2026-07-19,郑州,新一线城市,河南,晴,34,0.00,0.913
2026-07-19,长沙,新一线城市,湖南,中雨,32,0.00,0.9841
2026-07-19,东莞,新一线城市,广东,中雨,32,0.00,1.0
2026-07-19,西安,新一线城市,陕西,晴,38,0.00,0.9828
2026-07-19,青岛,新一线城市,山东,多云,28,0.00,1.0
2026-07-19,天津,新一线城市,天津,多云,34,0.00,0.9737
2026-07-19,佛山,新一线城市,广东,雷阵雨,34,0.00,1.0
2026-07-19,沈阳,二线城市,辽宁,雷阵雨,29,0.00,0.9673
2026-07-19,南通,二线城市,江苏,小雨,31,0.00,0.5198
2026-07-19,临沂,二线城市,山东,晴,31,0.00,0.6
2026-07-19,南昌,二线城市,江西,中雨,31,0.00,0.9649
2026-07-19,泉州,二线城市,福建,小雨,33,0.00,0.68
2026-07-19,常州,二线城市,江苏,大雨,31,0.00,1.0
2026-07-19,福州,二线城市,福建,大雨,35,0.00,0.9545
2026-07-19,金华,二线城市,浙江,小雨,32,0.00,0.725
2026-07-19,温州,二线城市,浙江,小雨,35,0.00,0.9429
2026-07-19,无锡,二线城市,江苏,中雨,33,0.00,1.0
2026-07-19,厦门,二线城市,福建,小雨,32,0.00,1.0
2026-07-19,惠州,二线城市,广东,中雨,32,0.50,0.5
2026-07-19,漳州,二线城市,福建,小雨,35,0.50,1.0
2026-07-19,哈尔滨,二线城市,黑龙江,多云,29,0.00,1.0
2026-07-19,徐州,二线城市,江苏,晴,30,0.50,0.5
2026-07-19,石家庄,二线城市,河北,多云,33,0.00,0.6957
2026-07-19,济南,二线城市,山东,多云,31,0.00,0.8636
2026-07-19,南宁,二线城市,广西,中雨,30,0.00,0.7368
2026-07-19,保定,二线城市,河北,阴,33,0.50,1.0
2026-07-19,太原,二线城市,山西,晴,35,0.00,1.0
2026-07-19,嘉兴,二线城市,浙江,小雨,31,0.00,1.0
2026-07-19,兰州,二线城市,甘肃,晴,34,0.00,0.8571
2026-07-19,长春,二线城市,吉林,小雨,30,0.00,0.7857
2026-07-19,烟台,二线城市,山东,晴,27,0.50,0.6154
2026-07-19,贵阳,二线城市,贵州,阵雨,24,0.00,0.75
2026-07-19,昆明,二线城市,云南,小雨,25,0.00,0.8333
2026-07-19,中山,二线城市,广东,中雨,32,0.00,1.0
2026-07-19,珠海,二线城市,广东,中雨,31,0.00,1.0
2026-07-19,五指山,二线城市,海南,雷阵雨,31,0.50,1.0
2026-07-19,淮安,三线城市,江苏,阴,27,0.00,0.7042
2026-07-19,洛阳,三线城市,河南,晴,33,0.50,1.0
2026-07-19,台州,三线城市,浙江,小雨,34,0.00,0.807
2026-07-19,盐城,三线城市,江苏,小雨,29,0.50,0.5
2026-07-19,开封,三线城市,河南,晴,33,0.50,1.0
2026-07-19,湖州,三线城市,浙江,中雨,31,0.50,0.6667
2026-07-19,汕头,三线城市,广东,雷阵雨,32,0.50,1.0
2026-07-19,扬州,三线城市,江苏,中雨,30,0.50,0.5357
2026-07-19,绵阳,三线城市,四川,晴,38,0.50,1.0
2026-07-19,芜湖,三线城市,安徽,小雨,29,0.50,1.0
2026-07-19,济宁,三线城市,山东,阴,32,0.50,1.0
2026-07-19,镇江,三线城市,江苏,小雨,31,0.50,0.55
2026-07-19,阜阳,三线城市,安徽,晴,31,0.50,1.0
2026-07-19,宿迁,三线城市,江苏,阴,29,0.50,1.0
2026-07-19,赣州,三线城市,江西,雷阵雨,35,0.50,0.8421
2026-07-19,六安,三线城市,安徽,小雨,31,0.50,1.0
2026-07-19,南充,三线城市,四川,晴,38,0.50,1.0
2026-07-19,马鞍山,三线城市,安徽,中雨,29,0.50,1.0
2026-07-19,莆田,三线城市,福建,小雨,33,0.50,0.7143
2026-07-19,宜昌,三线城市,湖北,阴,31,0.50,0.5
2026-07-19,宁德,三线城市,福建,小雨,35,0.50,1.0
2026-07-19,滁州,三线城市,安徽,小雨,30,0.50,1.0
2026-07-19,枣庄,三线城市,山东,晴,31,0.50,1.0
2026-07-19,宿州,三线城市,安徽,晴,30,0.50,1.0
2026-07-19,上饶,三线城市,江西,小雨,32,0.50,1.0
2026-07-19,安庆,三线城市,安徽,小雨,29,0.50,1.0
2026-07-19,廊坊,三线城市,河北,阴,31,0.50,1.0
2026-07-19,衡阳,三线城市,湖南,小雨,33,0.50,1.0
2026-07-19,揭阳,三线城市,广东,雷阵雨,31,0.00,0.6364
2026-07-19,咸阳,三线城市,陕西,晴,37,0.00,0.7273
2026-07-19,银川,三线城市,宁夏,晴,34,0.00,0.8
2026-07-19,连云港,三线城市,江苏,阴,27,0.50,1.0
2026-07-19,渭南,三线城市,陕西,晴,39,0.50,1.0
2026-07-19,岳阳,三线城市,湖南,中雨,31,0.50,1.0
2026-07-19,淄博,三线城市,山东,多云,32,0.00,0.8889
2026-07-19,邢台,三线城市,河北,多云,32,0.50,1.0
2026-07-19,湛江,三线城市,广东,多云,32,0.50,0.625
2026-07-19,商丘,三线城市,河南,多云,32,0.50,1.0
2026-07-19,海口,三线城市,海南,小雨,34,0.00,1.0
2026-07-19,荆州,三线城市,湖北,阴,30,0.50,0.75
2026-07-19,周口,三线城市,河南,多云,36,0.50,1.0
2026-07-19,宜春,三线城市,江西,雷阵雨,31,0.50,1.0
2026-07-19,肇庆,三线城市,广东,中雨,34,0.50,1.0
2026-07-19,信阳,三线城市,河南,阴,33,0.50,1.0
2026-07-19,九江,三线城市,江西,小雨,30,0.50,0.8571
2026-07-19,聊城,三线城市,山东,多云,32,0.50,1.0
2026-07-19,泰安,三线城市,山东,晴,31,0.50,1.0
2026-07-19,桂林,三线城市,广西,阵雨,31,0.50,1.0
2026-07-19,唐山,三线城市,河北,多云,32,0.50,0.7143
2026-07-19,柳州,三线城市,广西,阵雨,34,0.50,1.0
2026-07-19,清远,三线城市,广东,雷阵雨,33,0.50,1.0
2026-07-19,南阳,三线城市,河南,晴,35,0.50,1.0
2026-07-19,菏泽,三线城市,山东,晴,33,0.50,1.0
2026-07-19,株洲,三线城市,湖南,小雨,29,0.50,1.0
2026-07-19,沧州,三线城市,河北,多云,34,0.50,1.0
2026-07-19,蚌埠,三线城市,安徽,多云,31,0.50,1.0
2026-07-19,驻马店,三线城市,河南,多云,35,0.50,1.0
2026-07-19,遵义,三线城市,贵州,阵雨,29,0.50,1.0
2026-07-19,江门,三线城市,广东,中雨,32,0.50,1.0
2026-07-19,潮州,三线城市,广东,雷阵雨,30,0.50,1.0
2026-07-19,威海,三线城市,山东,多云,27,0.50,1.0
2026-07-19,德州,三线城市,山东,多云,33,0.50,1.0
2026-07-19,新乡,三线城市,河南,晴,33,0.50,1.0
2026-07-19,三亚,三线城市,海南,小雨,33,0.00,0.6667
2026-07-19,邯郸,三线城市,河北,晴,33,0.50,1.0
2026-07-19,琼海,三线城市,海南,多云,34,0.50,1.0
2026-07-19,运城,三线城市,山西,晴,36,0.50,1.0
2026-07-19,西宁,四线城市,青海,小雨,30,0.50,1.0
2026-07-19,云浮,四线城市,广东,雷阵雨,33,0.50,1.0
2026-07-19,自贡,四线城市,四川,晴,37,0.50,1.0
2026-07-19,衢州,四线城市,浙江,小雨,34,0.50,1.0
2026-07-19,德阳,四线城市,四川,晴,38,0.50,1.0
2026-07-19,龙岩,四线城市,福建,小雨,32,0.50,1.0
2026-07-19,宝鸡,四线城市,陕西,晴,38,0.50,1.0
2026-07-19,亳州,四线城市,安徽,晴,31,0.50,1.0
2026-07-19,益阳,四线城市,湖南,小雨,28,0.80,1.0
2026-07-19,三明,四线城市,福建,小雨,35,0.50,1.0
2026-07-19,孝感,四线城市,湖北,阴,30,0.50,1.0
2026-07-19,日照,四线城市,山东,多云,29,0.50,1.0
2026-07-19,茂名,四线城市,广东,雷阵雨,33,0.50,1.0
2026-07-19,内江,四线城市,四川,晴,37,0.50,1.0
2026-07-19,黄冈,四线城市,湖北,多云,30,0.50,1.0
2026-07-19,丽水,四线城市,浙江,小雨,35,0.50,1.0
2026-07-19,邵阳,四线城市,湖南,雷阵雨,31,0.50,1.0
2026-07-19,濮阳,四线城市,河南,晴,32,0.50,1.0
2026-07-19,眉山,四线城市,四川,晴,38,0.50,1.0
2026-07-19,常德,四线城市,湖南,小雨,28,0.50,1.0
2026-07-19,宜宾,四线城市,四川,多云,38,0.50,1.0
2026-07-19,梅州,四线城市,广东,雷阵雨,32,0.50,1.0
2026-07-19,营口,四线城市,辽宁,雷阵雨,29,0.50,1.0
2026-07-19,河源,四线城市,广东,雷阵雨,32,0.50,1.0
2026-07-19,咸宁,四线城市,湖北,小雨,31,0.50,1.0
2026-07-19,郴州,四线城市,湖南,小雨,33,0.50,1.0
2026-07-19,抚州,四线城市,江西,中雨,31,0.50,1.0
2026-07-19,黔东南苗族侗族自治州,四线城市,贵州,阵雨,29,0.50,1.0
2026-07-19,永州,四线城市,湖南,雷阵雨,34,0.50,1.0
2026-07-19,汕尾,四线城市,广东,中雨,30,0.50,1.0
2026-07-19,玉林,四线城市,广西,雷阵雨,32,0.50,1.0
2026-07-19,晋中,四线城市,山西,晴,33,0.50,1.0
2026-07-19,衡水,四线城市,河北,多云,34,0.50,1.0
2026-07-19,淮南,四线城市,安徽,阴,31,0.50,1.0
2026-07-19,丹东,四线城市,辽宁,阵雨,28,0.50,1.0
2026-07-19,百色,四线城市,广西,中雨,31,0.50,1.0
2026-07-19,锦州,四线城市,辽宁,阵雨,28,0.50,1.0
2026-07-19,韶关,四线城市,广东,雷阵雨,33,0.50,1.0
2026-07-19,盘锦,四线城市,辽宁,小雨,29,0.50,1.0
2026-07-19,许昌,四线城市,河南,晴,33,0.50,1.0
2026-07-19,武威,四线城市,甘肃,晴,34,0.50,1.0
2026-07-19,滨州,四线城市,山东,晴,34,0.50,1.0
2026-07-19,红河哈尼族彝族自治州,四线城市,云南,中雨,26,0.50,1.0
2026-07-19,景德镇,四线城市,江西,中雨,31,0.50,0.6
2026-07-19,东营,四线城市,山东,晴,33,0.50,1.0
2026-07-19,乐山,四线城市,四川,晴,37,0.50,1.0
2026-07-19,宣城,四线城市,安徽,小雨,28,0.50,1.0
2026-07-19,湘潭,四线城市,湖南,中雨,33,0.50,1.0
2026-07-19,舟山,四线城市,浙江,小雨,33,0.00,0.8
2026-07-19,怀化,四线城市,湖南,中雨,29,0.50,1.0
2026-07-19,南平,四线城市,福建,小雨,34,0.50,1.0
2026-07-19,黄石,四线城市,湖北,多云,32,0.50,0.75
2026-07-19,梧州,四线城市,广西,阵雨,33,0.50,1.0
2026-07-19,昭通,四线城市,云南,多云,25,0.50,1.0
2026-07-19,六盘水,四线城市,贵州,多云,26,0.50,1.0
2026-07-19,赤峰,四线城市,内蒙古,多云,27,0.50,1.0
2026-07-19,达州,四线城市,四川,晴,37,0.50,1.0
2026-07-19,榆林,四线城市,陕西,小雨,31,0.50,1.0
2026-07-19,焦作,四线城市,河南,晴,34,0.50,1.0
2026-07-19,承德,四线城市,河北,多云,29,0.50,1.0
2026-07-19,鞍山,四线城市,辽宁,中雨,29,0.50,1.0
2026-07-19,铜陵,四线城市,安徽,阵雨,26,0.50,1.0
2026-07-19,大理白族自治州,四线城市,云南,小雨,21,0.50,1.0
2026-07-19,大同,四线城市,山西,小雨,31,0.50,1.0
2026-07-19,吉林,四线城市,吉林,小雨,30,0.50,1.0
2026-07-19,汉中,四线城市,陕西,晴,37,0.50,1.0
2026-07-19,平顶山,四线城市,河南,晴,34,0.50,1.0
2026-07-19,毕节,四线城市,贵州,多云,27,0.50,1.0
2026-07-19,新余,四线城市,江西,中雨,33,0.50,1.0
2026-07-19,张家口,四线城市,河北,多云,32,0.50,1.0
2026-07-19,白银,四线城市,甘肃,晴,32,0.50,1.0
2026-07-19,曲靖,四线城市,云南,小雨,25,0.50,1.0
2026-07-19,黔南布依族苗族自治州,四线城市,贵州,阵雨,25,0.50,1.0
2026-07-19,黄山,四线城市,安徽,小雨,32,0.50,1.0
2026-07-19,文昌,四线城市,海南,雷阵雨,32,0.50,1.0
2026-07-19,泸州,四线城市,四川,多云,36,0.50,1.0
2026-07-19,鄂州,四线城市,湖北,多云,31,0.50,1.0
2026-07-19,吉安,四线城市,江西,雷阵雨,33,0.50,1.0
2026-07-19,长治,四线城市,山西,晴,31,0.50,1.0
2026-07-19,秦皇岛,四线城市,河北,多云,30,0.50,1.0
2026-07-19,大庆,四线城市,黑龙江,阴,30,0.00,1.0
2026-07-19,娄底,四线城市,湖南,小雨,28,0.50,1.0
2026-07-19,淮北,四线城市,安徽,多云,30,0.50,1.0
2026-07-19,临汾,四线城市,山西,晴,36,0.50,1.0
2026-07-19,十堰,四线城市,湖北,晴,39,0.50,1.0
2026-07-19,恩施土家族苗族自治州,五线城市,湖北,阴,31,0.50,1.0
2026-07-19,遂宁,五线城市,四川,晴,38,0.50,1.0
2026-07-19,荆门,五线城市,湖北,多云,31,0.50,1.0
2026-07-19,广安,五线城市,四川,晴,37,0.50,1.0
2026-07-19,延安,五线城市,陕西,晴,32,0.50,1.0
2026-07-19,资阳,五线城市,四川,晴,38,0.50,1.0
2026-07-19,张家界,五线城市,湖南,中雨,27,0.50,1.0
2026-07-19,天水,五线城市,甘肃,晴,35,0.50,1.0
2026-07-19,铁岭,五线城市,辽宁,雷阵雨,29,0.50,1.0
2026-07-19,白城,五线城市,吉林,小雨,26,0.50,1.0
2026-07-19,仙桃,五线城市,湖北,多云,30,0.50,1.0
2026-07-19,池州,五线城市,安徽,小雨,30,0.50,1.0
2026-07-19,贺州,五线城市,广西,阵雨,33,0.50,1.0
2026-07-19,阜新,五线城市,辽宁,雷阵雨,28,0.50,1.0
2026-07-19,石嘴山,五线城市,宁夏,晴,34,0.50,1.0
2026-07-19,葫芦岛,五线城市,辽宁,雷阵雨,28,0.50,1.0
2026-07-19,雅安,五线城市,四川,晴,37,0.50,1.0
2026-07-19,辽阳,五线城市,辽宁,雷阵雨,29,0.50,1.0
2026-07-19,朝阳,五线城市,辽宁,小雨,28,0.50,1.0
2026-07-19,楚雄彝族自治州,五线城市,云南,小雨,24,0.50,1.0
2026-07-19,西双版纳傣族自治州,五线城市,云南,中雨,27,0.50,1.0
2026-07-19,抚顺,五线城市,辽宁,中雨,26,0.50,1.0
2026-07-19,通化,五线城市,吉林,中雨,26,0.50,1.0
2026-07-19,鹰潭,五线城市,江西,小雨,31,0.50,1.0
2026-07-19,防城港,五线城市,广西,阵雨,31,0.50,1.0
2026-07-19,安康,五线城市,陕西,晴,39,0.50,1.0
2026-07-19,玉溪,五线城市,云南,小雨,25,0.50,1.0
2026-07-19,湘西土家族苗族自治州,五线城市,湖南,中雨,32,0.50,1.0
2026-07-19,金昌,五线城市,甘肃,多云,36,0.50,1.0
2026-07-19,本溪,五线城市,辽宁,阵雨,28,0.50,1.0
2026-07-19,广元,五线城市,四川,晴,40,0.50,1.0
2026-07-19,延边,五线城市,吉林,小雨,27,0.50,1.0
2026-07-19,庆阳,五线城市,甘肃,晴,30,0.50,1.0
2026-07-19,临夏回族自治州,五线城市,甘肃,晴,28,0.50,1.0
2026-07-19,辽源,五线城市,吉林,小雨,29,0.50,1.0
2026-07-19,萍乡,五线城市,江西,阵雨,31,0.50,1.0
2026-07-19,随州,五线城市,湖北,多云,32,0.50,1.0
2026-07-19,儋州,五线城市,海南,多云,35,0.50,1.0
2026-07-19,济源,五线城市,河南,晴,33,0.50,1.0
2026-07-19,德宏傣族景颇族自治州,五线城市,云南,中雨,24,0.50,1.0
2026-07-19,普洱,五线城市,云南,中雨,24,0.50,1.0
2026-07-19,四平,五线城市,吉林,中雨,28,0.50,1.0
2026-07-19,万宁,五线城市,海南,多云,33,0.50,1.0
2026-07-19,佳木斯,五线城市,黑龙江,晴,29,0.50,0.5
2026-07-19,文山壮族苗族自治州,五线城市,云南,中雨,26,0.50,1.0
2026-07-19,鹤壁,五线城市,河南,晴,32,0.50,1.0
2026-07-19,崇左,五线城市,广西,中雨,32,0.50,1.0
2026-07-19,中卫,五线城市,宁夏,晴,34,0.50,1.0
2026-07-19,绥化,五线城市,黑龙江,多云,28,0.50,1.0
2026-07-19,固原,五线城市,宁夏,晴,29,0.50,1.0
2026-07-19,陇南,五线城市,甘肃,多云,34,0.50,1.0
2026-07-19,巴中,五线城市,四川,晴,38,0.50,1.0
2026-07-19,伊春,五线城市,黑龙江,阵雨,28,0.50,1.0
2026-07-19,来宾,五线城市,广西,阵雨,32,0.50,1.0
2026-07-19,乌兰察布,五线城市,内蒙古,阵雨,30,0.50,1.0
2026-07-19,七台河,五线城市,黑龙江,多云,31,0.50,1.0
2026-07-19,钦州,五线城市,广西,阵雨,32,0.50,1.0
2026-07-19,忻州,五线城市,山西,多云,33,0.50,1.0
2026-07-19,松原,五线城市,吉林,小雨,26,0.50,1.0
2026-07-19,潜江,五线城市,湖北,阴,30,0.50,1.0
2026-07-19,吴忠,五线城市,宁夏,晴,34,0.50,1.0
2026-07-19,铜仁,五线城市,贵州,中雨,27,0.50,1.0
2026-07-19,通辽,五线城市,内蒙古,小雨,27,0.50,1.0
2026-07-19,凉山彝族自治州,五线城市,四川,阵雨,28,0.50,1.0
2026-07-19,东方,五线城市,海南,多云,33,0.50,1.0
2026-07-19,鹤岗,,黑龙江,阴,28,,
2026-07-19,拉萨,,西藏,小雨,25,,
2026-07-19,朔州,,山西,小雨,32,,
2026-07-19,呼和浩特,,内蒙古,多云,32,,
2026-07-19,怒江傈僳族自治州,,云南,中雨,26,,
2026-07-19,阳泉,,山西,晴,33,,
2026-07-19,呼伦贝尔,,内蒙古,多云,28,,
2026-07-19,北海,,广西,雷阵雨,32,,
2026-07-19,贵港,,广西,阵雨,32,,
2026-07-19,吕梁,,山西,晴,35,,
2026-07-19,大连,,辽宁,多云,30,,
2026-07-19,阳江,,广东,中雨,32,,
2026-07-19,襄阳,,湖北,多云,33,,
2026-07-19,成都,,四川,晴,38,,
2026-07-19,定西,,甘肃,晴,29,,
2026-07-19,黔西南布依族苗族自治州,,贵州,阵雨,26,,
2026-07-19,商洛,,陕西,晴,34,,
2026-07-19,兴安,,内蒙古,雷阵雨,27,,
2026-07-19,宁波,,浙江,中雨,34,,
2026-07-19,安阳,,河南,晴,33,,
2026-07-19,绍兴,,浙江,小雨,32,,
2026-07-19,河池,,广西,阵雨,31,,
2026-07-19,鸡西,,黑龙江,阴,29,,
2026-07-19,潍坊,,山东,晴,31,,
2026-07-19,三门峡,,河南,晴,33,,
2026-07-19,泰州,,江苏,中雨,29,,
2026-07-19,重庆,,重庆,多云,37,,
2026-07-20,自贡,四线城市,四川,晴,39,0.50,1.0
2026-07-20,三明,,福建,小雨,34,,
2026-07-20,永州,,湖南,小雨,36,,
2026-07-20,广元,,四川,晴,39,,
2026-07-20,舟山,,浙江,中雨,32,,
2026-07-20,洛阳,,河南,晴,34,,
2026-07-20,北海,,广西,中雨,30,,
2026-07-20,防城港,,广西,阵雨,31,,
2026-07-20,阳泉,,山西,小雨,32,,
2026-07-20,凉山彝族自治州,,四川,晴,34,,
2026-07-20,吴忠,,宁夏,晴,33,,
2026-07-20,平顶山,,河南,晴,34,,
2026-07-20,梧州,,广西,阵雨,33,,
2026-07-20,内江,,四川,晴,38,,
2026-07-20,北京,,北京,雷阵雨,30,,
2026-07-20,怒江傈僳族自治州,,云南,阴,30,,
2026-07-20,南昌,,江西,中雨,29,,
2026-07-20,恩施土家族苗族自治州,,湖北,小雨,36,,
2026-07-20,襄阳,,湖北,晴,32,,
2026-07-20,阳江,,广东,雷阵雨,31,,
2026-07-20,滁州,,安徽,小雨,31,,
2026-07-20,宜春,,江西,阵雨,30,,
2026-07-20,濮阳,,河南,晴,33,,
2026-07-20,遵义,,贵州,多云,31,,
2026-07-20,仙桃,,湖北,小雨,28,,
2026-07-20,亳州,,安徽,多云,35,,
2026-07-20,钦州,,广西,阵雨,30,,
2026-07-20,南通,,江苏,中雨,29,,
2026-07-20,淮北,,安徽,晴,34,,
2026-07-20,宜昌,,湖北,晴,33,,
2026-07-20,抚州,,江西,雷阵雨,33,,
2026-07-20,无锡,,江苏,中雨,27,,
2026-07-20,厦门,,福建,雷阵雨,32,,
2026-07-20,蚌埠,,安徽,多云,32,,
2026-07-20,丽水,,浙江,小雨,36,,
2026-07-20,临汾,,山西,晴,37,,
2026-07-20,三亚,,海南,多云,33,,
2026-07-20,南平,,福建,小雨,33,,
2026-07-20,岳阳,,湖南,小雨,31,,
2026-07-20,新余,,江西,小雨,30,,
2026-07-20,德阳,,四川,晴,37,,
2026-07-20,通化,,吉林,小雨,25,,
2026-07-20,廊坊,,河北,雷阵雨,32,,
2026-07-20,汕头,,广东,雷阵雨,32,,
2026-07-20,苏州,,江苏,中雨,30,,
2026-07-20,乌兰察布,,内蒙古,阵雨,29,,
2026-07-20,金昌,,甘肃,晴,34,,
2026-07-20,渭南,,陕西,晴,34,,
2026-07-20,铜仁,,贵州,雷阵雨,29,,
2026-07-20,张家界,,湖南,小雨,35,,
2026-07-20,玉溪,,云南,阵雨,28,,
2026-07-20,东方,,海南,多云,33,,
2026-07-20,成都,,四川,晴,37,,
2026-07-20,伊春,,黑龙江,阵雨,30,,
2026-07-20,衡阳,,湖南,小雨,32,,
2026-07-20,惠州,,广东,雷阵雨,32,,
2026-07-20,商洛,,陕西,晴,34,,
2026-07-20,上海,,上海,中雨,32,,
2026-07-20,上饶,,江西,小雨,28,,
2026-07-20,石家庄,,河北,雷阵雨,33,,
2026-07-20,九江,,江西,中雨,28,,
2026-07-20,宁德,,福建,小雨,35,,
2026-07-20,资阳,,四川,晴,39,,
2026-07-20,朔州,,山西,小雨,32,,
2026-07-20,咸宁,,湖北,小雨,28,,
2026-07-20,揭阳,,广东,中雨,32,,
2026-07-20,青岛,,山东,晴,27,,
2026-07-20,镇江,,江苏,小雨,27,,
2026-07-20,呼伦贝尔,,内蒙古,多云,29,,
2026-07-20,长春,,吉林,小雨,26,,
2026-07-20,鹰潭,,江西,阵雨,33,,
2026-07-20,临夏回族自治州,,甘肃,小雨,28,,
2026-07-20,菏泽,,山东,多云,33,,
2026-07-20,来宾,,广西,阵雨,32,,
2026-07-20,临沂,,山东,晴,32,,
2026-07-20,汕尾,,广东,雷阵雨,31,,
2026-07-20,松原,,吉林,小雨,30,,
2026-07-20,毕节,,贵州,多云,28,,
2026-07-20,广安,,四川,晴,38,,
2026-07-20,定西,,甘肃,晴,28,,
2026-07-20,邵阳,,湖南,小雨,30,,
2026-07-20,五指山,,海南,雷阵雨,32,,
2026-07-20,新乡,,河南,晴,34,,
2026-07-20,大连,,辽宁,多云,30,,
2026-07-20,娄底,,湖南,小雨,29,,
2026-07-20,信阳,,河南,多云,33,,
2026-07-20,吕梁,,山西,小雨,35,,
2026-07-20,肇庆,,广东,雷阵雨,32,,
2026-07-20,曲靖,,云南,阵雨,27,,
2026-07-20,台州,,浙江,小雨,34,,
2026-07-20,延边,,吉林,小雨,25,,
2026-07-20,宝鸡,,陕西,晴,37,,
2026-07-20,鹤岗,,黑龙江,小雨,27,,
2026-07-20,赣州,,江西,雷阵雨,35,,
2026-07-20,贵港,,广西,小雨,30,,
2026-07-20,烟台,,山东,晴,30,,
2026-07-20,庆阳,,甘肃,多云,32,,
2026-07-20,琼海,,海南,多云,33,,
2026-07-20,株洲,,湖南,小雨,32,,
2026-07-20,白城,,吉林,小雨,26,,
2026-07-20,白银,,甘肃,多云,30,,
2026-07-20,济宁,,山东,晴,33,,
2026-07-20,天津,,天津,阴,34,,
2026-07-20,泉州,,福建,小雨,33,,
2026-07-20,天水,,甘肃,晴,34,,
2026-07-20,沧州,,河北,雷阵雨,36,,
2026-07-20,辽源,,吉林,小雨,24,,
2026-07-20,七台河,,黑龙江,多云,31,,
2026-07-20,黔西南布依族苗族自治州,,贵州,阵雨,26,,
2026-07-20,黔南布依族苗族自治州,,贵州,阵雨,26,,
2026-07-20,连云港,,江苏,多云,29,,
2026-07-20,莆田,,福建,小雨,33,,
2026-07-20,驻马店,,河南,晴,34,,
2026-07-20,延安,,陕西,晴,30,,
2026-07-20,潜江,,湖北,多云,31,,
2026-07-20,郴州,,湖南,小雨,32,,
2026-07-20,益阳,,湖南,小雨,29,,
2026-07-20,银川,,宁夏,晴,33,,
2026-07-20,十堰,,湖北,晴,38,,
2026-07-20,湖州,,浙江,中雨,29,,
2026-07-20,合肥,,安徽,小雨,32,,
2026-07-20,张家口,,河北,雷阵雨,30,,
2026-07-20,聊城,,山东,晴,32,,
2026-07-20,呼和浩特,,内蒙古,小雨,31,,
2026-07-20,安庆,,安徽,小雨,28,,
2026-07-20,兰州,,甘肃,晴,32,,
2026-07-20,黔东南苗族侗族自治州,,贵州,阵雨,30,,
2026-07-20,通辽,,内蒙古,小雨,30,,
2026-07-20,汉中,,陕西,晴,38,,
2026-07-20,邯郸,,河北,多云,34,,
2026-07-20,本溪,,辽宁,阵雨,30,,
2026-07-20,哈尔滨,,黑龙江,雷阵雨,30,,
2026-07-20,周口,,河南,晴,36,,
2026-07-20,湘潭,,湖南,小雨,31,,
2026-07-20,怀化,,湖南,小雨,27,,
2026-07-20,龙岩,,福建,小雨,32,,
2026-07-20,安康,,陕西,晴,38,,
2026-07-20,黄石,,湖北,小雨,29,,
2026-07-20,拉萨,,西藏,阵雨,27,,
2026-07-20,眉山,,四川,晴,38,,
2026-07-20,德州,,山东,晴,34,,
2026-07-20,昆明,,云南,多云,26,,
2026-07-20,忻州,,山西,小雨,35,,
2026-07-20,湘西土家族苗族自治州,,湖南,小雨,30,,
2026-07-20,巴中,,四川,晴,38,,
2026-07-20,铁岭,,辽宁,雷阵雨,28,,
2026-07-20,淮安,,江苏,小雨,29,,
2026-07-20,鞍山,,辽宁,晴,30,,
2026-07-20,潍坊,,山东,晴,32,,
2026-07-20,盐城,,江苏,小雨,28,,
2026-07-20,黄冈,,湖北,小雨,29,,
2026-07-20,兴安,,内蒙古,雷阵雨,26,,
2026-07-20,陇南,,甘肃,小雨,32,,
2026-07-20,石嘴山,,宁夏,晴,34,,
2026-07-20,南充,,四川,晴,38,,
2026-07-20,阜阳,,安徽,多云,34,,
2026-07-20,西安,,陕西,晴,34,,
2026-07-20,太原,,山西,小雨,37,,
2026-07-20,普洱,,云南,大雨,23,,
2026-07-20,沈阳,,辽宁,多云,30,,
2026-07-20,西双版纳傣族自治州,,云南,小雨,28,,
2026-07-20,丹东,,辽宁,多云,29,,
2026-07-20,固原,,宁夏,晴,29,,
2026-07-20,佳木斯,,黑龙江,阵雨,31,,
2026-07-20,绍兴,,浙江,中雨,32,,
2026-07-20,保定,,河北,雷阵雨,32,,
2026-07-20,威海,,山东,晴,30,,
2026-07-20,锦州,,辽宁,晴,28,,
2026-07-20,红河哈尼族彝族自治州,,云南,中雨,26,,
2026-07-20,中卫,,宁夏,晴,34,,
2026-07-20,衡水,,河北,雷阵雨,35,,
2026-07-20,吉林,,吉林,小雨,25,,
2026-07-20,达州,,四川,晴,37,,
2026-07-20,鸡西,,黑龙江,阵雨,29,,
2026-07-20,大同,,山西,小雨,32,,
2026-07-20,宿迁,,江苏,多云,31,,
2026-07-20,盘锦,,辽宁,多云,30,,
2026-07-20,崇左,,广西,阵雨,31,,
2026-07-20,宣城,,安徽,中雨,28,,
2026-07-20,河源,,广东,雷阵雨,32,,
2026-07-20,宁波,,浙江,中雨,32,,
2026-07-20,南京,,江苏,小雨,28,,
2026-07-20,柳州,,广西,阵雨,33,,
2026-07-20,江门,,广东,雷阵雨,32,,
2026-07-20,河池,,广西,阵雨,32,,
2026-07-20,乐山,,四川,晴,38,,
2026-07-20,济源,,河南,晴,34,,
2026-07-20,三门峡,,河南,晴,34,,
2026-07-20,鄂州,,湖北,小雨,29,,
2026-07-20,重庆,,重庆,晴,37,,
2026-07-20,梅州,,广东,雷阵雨,32,,
2026-07-20,淮南,,安徽,多云,32,,
2026-07-20,许昌,,河南,晴,35,,
2026-07-20,绥化,,黑龙江,小雨,29,,
2026-07-20,东莞,,广东,雷阵雨,32,,
2026-07-20,宿州,,安徽,多云,34,,
2026-07-20,晋中,,山西,小雨,36,,
2026-07-20,济南,,山东,多云,33,,
2026-07-20,邢台,,河北,雷阵雨,33,,
2026-07-20,楚雄彝族自治州,,云南,阵雨,27,,
2026-07-20,深圳,,广东,雷阵雨,31,,
2026-07-20,漳州,,福建,小雨,33,,
2026-07-20,泰州,,江苏,中雨,27,,
2026-07-20,淄博,,山东,晴,33,,
2026-07-20,承德,,河北,暴雨,30,,
2026-07-20,绵阳,,四川,晴,37,,
2026-07-20,扬州,,江苏,小雨,27,,
2026-07-20,开封,,河南,晴,34,,
2026-07-20,清远,,广东,雷阵雨,32,,
2026-07-20,珠海,,广东,雷阵雨,31,,
2026-07-20,桂林,,广西,阵雨,31,,
2026-07-20,铜陵,,安徽,雷阵雨,27,,
2026-07-20,泰安,,山东,晴,32,,
2026-07-20,武汉,,湖北,小雨,30,,
2026-07-20,嘉兴,,浙江,中雨,31,,
2026-07-20,马鞍山,,安徽,小雨,29,,
2026-07-20,海口,,海南,雷阵雨,34,,
2026-07-20,常德,,湖南,阴,34,,
2026-07-20,六盘水,,贵州,多云,27,,
2026-07-20,咸阳,,陕西,晴,33,,
2026-07-20,萍乡,,江西,阵雨,30,,
2026-07-20,葫芦岛,,辽宁,多云,29,,
2026-07-20,徐州,,江苏,晴,31,,
2026-07-20,常州,,江苏,小雨,27,,
2026-07-20,芜湖,,安徽,中雨,29,,
2026-07-20,昭通,,云南,晴,27,,
2026-07-20,金华,,浙江,中雨,32,,
2026-07-20,武威,,甘肃,小雨,32,,
2026-07-20,四平,,吉林,小雨,25,,
2026-07-20,郑州,,河南,晴,34,,
2026-07-20,宜宾,,四川,晴,39,,
2026-07-20,鹤壁,,河南,晴,34,,
2026-07-20,潮州,,广东,中雨,32,,
2026-07-20,辽阳,,辽宁,雷阵雨,30,,
2026-07-20,玉林,,广西,小雨,31,,
2026-07-20,唐山,,河北,雷阵雨,32,,
2026-07-20,东营,,山东,晴,34,,
2026-07-20,六安,,安徽,阴,32,,
2026-07-20,广州,,广东,雷阵雨,32,,
2026-07-20,贵阳,,贵州,阴,26,,
2026-07-20,雅安,,四川,晴,36,,
2026-07-20,大庆,,黑龙江,小雨,31,,
2026-07-20,温州,,浙江,小雨,34,,
2026-07-20,南阳,,河南,晴,34,,
2026-07-20,朝阳,,辽宁,小雨,30,,
2026-07-20,榆林,,陕西,小雨,32,,
2026-07-20,安阳,,河南,晴,34,,
2026-07-20,西宁,,青海,小雨,29,,
2026-07-20,文山壮族苗族自治州,,云南,中雨,26,,
2026-07-20,韶关,,广东,雷阵雨,33,,
2026-07-20,长沙,,湖南,小雨,28,,
2026-07-20,茂名,,广东,雷阵雨,32,,
2026-07-20,抚顺,,辽宁,阵雨,29,,
2026-07-20,杭州,,浙江,中雨,32,,
2026-07-20,吉安,,江西,雷阵雨,34,,
2026-07-20,云浮,,广东,雷阵雨,32,,
2026-07-20,日照,,山东,晴,29,,
2026-07-20,运城,,山西,晴,38,,
2026-07-20,长治,,山西,晴,33,,
2026-07-20,佛山,,广东,雷阵雨,33,,
2026-07-20,商丘,,河南,晴,32,,
2026-07-20,阜新,,辽宁,阵雨,30,,
2026-07-20,遂宁,,四川,晴,38,,
2026-07-20,中山,,广东,雷阵雨,32,,
2026-07-20,滨州,,山东,多云,34,,
2026-07-20,营口,,辽宁,多云,29,,
2026-07-20,德宏傣族景颇族自治州,,云南,中雨,27,,
2026-07-20,福州,,福建,小雨,36,,
2026-07-20,赤峰,,内蒙古,中雨,28,,
2026-07-20,荆州,,湖北,多云,32,,
2026-07-20,衢州,,浙江,小雨,33,,
2026-07-20,黄山,,安徽,小雨,29,,
2026-07-20,泸州,,四川,晴,37,,
2026-07-20,枣庄,,山东,晴,32,,
2026-07-20,万宁,,海南,雷阵雨,33,,
2026-07-20,南宁,,广西,阵雨,31,,
2026-07-20,大理白族自治州,,云南,多云,25,,
2026-07-20,贺州,,广西,阵雨,33,,
2026-07-20,池州,,安徽,中雨,27,,
2026-07-20,景德镇,,江西,中雨,30,,
2026-07-20,荆门,,湖北,多云,31,,
2026-07-20,儋州,,海南,雷阵雨,34,,
2026-07-20,孝感,,湖北,小雨,30,,
2026-07-20,百色,,广西,中雨,32,,
2026-07-20,湛江,,广东,雷阵雨,31,,
2026-07-20,文昌,,海南,雷阵雨,32,,
2026-07-20,秦皇岛,,河北,雷阵雨,28,,
2026-07-20,随州,,湖北,多云,33,,
2026-07-20,焦作,,河南,晴,34,,
