城市分层,省份,城市,2026-07-23天气,2026-07-23温度,众数配送费,众数占比,最高配送费,最高占比,最低配送费,最低占比,2026-07-24天气,2026-07-25天气,2026-07-26天气,实时天气
一线,广东,广州,晴,35,0.80,0.3622,,,,,晴,雷阵雨,中雨,
新一线,天津,天津,雷阵雨,30,0.00,1.0,,,,,阴,阴,晴,
新一线,浙江,杭州,小雨,37,0.00,1.0,,,,,多云,晴,小雨,
三线,浙江,台州,晴,36,0.00,1.0,,,,,晴,小雨,小雨,
新一线,四川,成都,雷阵雨,38,0.00,0.993,,,,,雷阵雨,雷阵雨,多云,
二线,浙江,绍兴,多云,38,0.80,0.9143,,,,,多云,晴,小雨,
一线,广东,深圳,晴,33,0.00,1.0,,,,,晴,中雨,大雨,
二线,浙江,温州,晴,36,0.00,1.0,,,,,晴,小雨,小雨,
三线,浙江,湖州,小雨,36,0.00,1.0,,,,,多云,晴,多云,
一线,上海,上海,阴,36,0.00,1.0,,,,,阴,多云,阴,
新一线,湖南,长沙,雷阵雨,35,0.00,0.4874,,,,,晴,晴,小雨,
三线,江苏,扬州,小雨,34,0.50,0.8938,,,,,小雨,小雨,阴,
新一线,湖北,武汉,晴,34,0.00,1.0,,,,,多云,多云,阴,
三线,江苏,泰州,小雨,32,0.00,1.0,,,,,中雨,小雨,阴,
三线,江西,赣州,多云,35,0.00,1.0,,,,,多云,多云,雷阵雨,
三线,江苏,镇江,小雨,32,0.00,1.0,,,,,小雨,多云,阴,
三线,海南,海口,小雨,35,0.00,0.9891,,,,,小雨,小雨,多云,
新一线,江苏,南京,中雨,32,0.00,1.0,,,,,小雨,晴,阴,
三线,新疆,乌鲁木齐,多云,29,0.00,1.0,,,,,多云,小雨,多云,
二线,福建,厦门,晴,32,0.00,1.0,,,,,晴,中雨,大雨,
三线,广东,汕头,晴,33,0.00,1.0,,,,,晴,大雨,雷阵雨,
三线,河北,邯郸,阴,31,0.00,1.0,,,,,多云,中雨,雷阵雨,
三线,江苏,盐城,中雨,29,0.00,1.0,,,,,中雨,中雨,多云,
三线,河北,廊坊,大雨,30,0.00,1.0,,,,,雷阵雨,雷阵雨,阴,
三线,广东,江门,晴,35,0.00,1.0,,,,,晴,多云,中雨,
三线,江西,上饶,晴,35,0.00,1.0,,,,,晴,晴,阵雨,
二线,河北,石家庄,雷阵雨,31,0.00,1.0,,,,,雷阵雨,中雨,雷阵雨,
三线,河北,唐山,中雨,28,0.00,1.0,,,,,雷阵雨,多云,雷阵雨,
新一线,浙江,宁波,小雨,36,0.00,1.0,,,,,晴,晴,小雨,
三线,广东,湛江,多云,32,0.00,1.0,,,,,晴,多云,多云,
三线,河南,洛阳,小雨,30,0.00,1.0,,,,,小雨,小雨,小雨,
三线,广东,揭阳,晴,34,0.00,0.9412,,,,,晴,大雨,大雨,
二线,福建,泉州,晴,34,0.00,1.0,,,,,晴,小雨,中雨,
三线,安徽,芜湖,小雨,34,0.00,1.0,,,,,小雨,晴,小雨,
二线,河北,保定,雷阵雨,30,0.00,1.0,,,,,雷阵雨,雷阵雨,晴,
三线,河南,南阳,小雨,35,0.00,0.9851,,,,,小雨,小雨,中雨,
三线,陕西,咸阳,多云,36,0.00,0.9701,,,,,晴,晴,多云,
四线,浙江,丽水,小雨,38,0.00,1.0,,,,,晴,小雨,小雨,
三线,广西,柳州,阵雨,34,0.00,1.0,,,,,多云,多云,多云,
三线,四川,绵阳,雷阵雨,38,0.00,1.0,,,,,雷阵雨,多云,多云,
三线,福建,漳州,晴,36,0.00,0.9844,,,,,晴,中雨,暴雨,
三线,广东,肇庆,多云,35,0.00,1.0,,,,,晴,多云,中雨,
一线,北京,北京,小雨,29,0.00,1.0,,,,,小雨,小雨,雷阵雨,
四线,四川,德阳,晴,38,0.00,1.0,,,,,雷阵雨,阵雨,多云,
三线,内蒙古,呼和浩特,小雨,28,0.00,1.0,,,,,晴,多云,多云,
四线,广东,茂名,晴,33,0.00,0.9833,,,,,晴,多云,雷阵雨,
三线,广西,桂林,阵雨,32,0.00,0.9833,,,,,阵雨,多云,小雨,
二线,山东,济南,小雨,31,0.00,0.9661,,,,,中雨,小雨,雷阵雨,
三线,江苏,淮安,中雨,29,0.00,1.0,,,,,小雨,小雨,小雨,
三线,江苏,宿迁,中雨,30,0.00,1.0,,,,,中雨,小雨,小雨,
四线,四川,宜宾,晴,40,0.00,0.9825,,,,,雷阵雨,晴,多云,
新一线,安徽,合肥,中雨,30,0.00,0.9825,,,,,小雨,晴,小雨,
三线,江西,九江,雷阵雨,32,0.00,1.0,,,,,多云,晴,雷阵雨,
二线,广西,南宁,阵雨,32,0.00,1.0,,,,,阵雨,多云,多云,
三线,安徽,阜阳,小雨,30,0.00,1.0,,,,,小雨,小雨,小雨,
二线,广东,惠州,晴,35,0.00,0.9636,,,,,晴,多云,大暴雨,
三线,山东,济宁,小雨,32,0.00,1.0,,,,,中雨,小雨,小雨,
三线,湖南,株洲,小雨,34,0.00,0.7273,,,,,晴,晴,小雨,
三线,湖南,衡阳,小雨,34,0.00,1.0,,,,,晴,多云,小雨,
新一线,江苏,苏州,多云,36,0.00,1.0,,,,,多云,晴,多云,
三线,湖南,岳阳,小雨,32,0.00,1.0,,,,,小雨,晴,小雨,
三线,广东,清远,多云,35,0.00,1.0,,,,,晴,多云,雷阵雨,
三线,山东,淄博,小雨,34,0.00,1.0,,,,,小雨,小雨,雷阵雨,
四线,浙江,衢州,多云,37,0.00,1.0,,,,,晴,多云,中雨,
四线,广西,玉林,雷阵雨,32,0.00,1.0,,,,,雷阵雨,雷阵雨,雷阵雨,
三线,河北,邢台,多云,29,0.00,0.963,,,,,雷阵雨,中雨,雷阵雨,
四线,四川,南充,晴,40,0.00,1.0,,,,,多云,晴,多云,
四线,湖南,常德,晴,34,0.00,1.0,,,,,多云,晴,多云,
四线,湖南,郴州,多云,35,0.00,1.0,,,,,晴,晴,小雨,
二线,山东,潍坊,多云,34,0.00,0.8846,,,,,中雨,阴,小雨,
四线,辽宁,鞍山,多云,31,0.00,1.0,,,,,小雨,小雨,多云,
四线,山东,枣庄,小雨,31,0.00,1.0,,,,,小雨,小雨,小雨,
四线,陕西,宝鸡,多云,37,0.00,1.0,,,,,多云,多云,小雨,
三线,湖北,襄阳,多云,34,0.00,1.0,,,,,多云,小雨,小雨,
三线,山东,菏泽,小雨,32,0.00,1.0,,,,,小雨,小雨,小雨,
四线,广东,汕尾,晴,32,0.00,1.0,,,,,晴,大雨,大暴雨,
三线,河北,沧州,雷阵雨,27,0.00,1.0,,,,,雷阵雨,雷阵雨,多云,
三线,山东,泰安,雷阵雨,33,0.00,1.0,,,,,中雨,多云,雷阵雨,
新一线,陕西,西安,多云,37,0.00,1.0,,,,,多云,晴,多云,
四线,湖北,孝感,多云,34,0.00,1.0,,,,,多云,多云,阴,
三线,山东,聊城,小雨,31,0.00,1.0,,,,,小雨,多云,小雨,
四线,广东,阳江,晴,32,0.00,1.0,,,,,晴,多云,雷阵雨,
三线,福建,莆田,晴,35,0.00,1.0,,,,,晴,小雨,中雨,
三线,河南,新乡,小雨,32,0.00,1.0,,,,,小雨,小雨,小雨,
四线,湖南,怀化,多云,34,0.00,1.0,,,,,多云,多云,多云,
二线,江苏,徐州,小雨,31,0.00,0.9149,,,,,中雨,小雨,小雨,
三线,湖北,荆州,晴,34,0.00,0.913,,,,,多云,晴,阴,
四线,湖北,黄冈,中雨,32,0.00,1.0,,,,,小雨,晴,阴,
四线,浙江,舟山,晴,34,0.00,1.0,,,,,晴,小雨,小雨,
四线,广西,贵港,阵雨,32,0.00,1.0,,,,,多云,多云,小雨,
四线,广东,河源,晴,35,0.00,1.0,,,,,晴,雷阵雨,暴雨,
四线,黑龙江,齐齐哈尔,小雨,28,0.00,0.9773,,,,,小雨,小雨,大雨,
四线,四川,乐山,多云,38,0.00,0.9318,,,,,雷阵雨,晴,多云,
四线,湖南,邵阳,小雨,31,0.00,0.9545,,,,,多云,多云,多云,
三线,安徽,蚌埠,大雨,29,0.00,1.0,,,,,小雨,小雨,小雨,
二线,山东,临沂,小雨,32,0.00,0.9773,,,,,小雨,小雨,小雨,
三线,湖北,宜昌,小雨,34,0.00,1.0,,,,,多云,多云,小雨,
三线,江西,宜春,雷阵雨,35,0.00,1.0,,,,,多云,多云,雷阵雨,
三线,河南,信阳,小雨,33,0.00,1.0,,,,,小雨,小雨,小雨,
四线,内蒙古,包头,晴,31,0.00,1.0,,,,,晴,多云,晴,
四线,青海,西宁,晴,31,0.00,0.9767,,,,,多云,小雨,小雨,
二线,江苏,南通,多云,33,0.50,0.881,,,,,多云,晴,多云,
三线,福建,宁德,多云,36,0.00,1.0,,,,,多云,小雨,小雨,
二线,江苏,无锡,多云,34,0.50,0.9024,,,,,多云,多云,多云,
四线,福建,龙岩,晴,35,0.00,1.0,,,,,晴,小雨,暴雨,
四线,云南,曲靖,小雨,28,0.00,1.0,,,,,小雨,小雨,小雨,
二线,浙江,金华,小雨,36,0.00,1.0,,,,,小雨,小雨,小雨,
四线,江西,吉安,多云,35,0.00,0.9756,,,,,多云,晴,多云,
四线,安徽,马鞍山,小雨,33,0.00,1.0,,,,,小雨,晴,小雨,
四线,广东,韶关,晴,35,0.00,1.0,,,,,晴,多云,中雨,
四线,云南,大理白族自治州,小雨,26,0.00,0.975,,,,,小雨,小雨,小雨,
四线,安徽,淮南,大雨,29,0.00,1.0,,,,,小雨,小雨,小雨,
四线,福建,南平,晴,35,0.00,1.0,,,,,晴,多云,小雨,
二线,辽宁,大连,多云,29,0.00,0.95,,,,,阴,雷阵雨,雷阵雨,
四线,湖南,娄底,多云,31,1.10,0.525,,,,,晴,晴,小雨,
四线,江西,抚州,晴,35,0.00,1.0,,,,,晴,晴,雷阵雨,
四线,安徽,亳州,小雨,31,0.00,1.0,,,,,小雨,小雨,小雨,
三线,山东,德州,中雨,31,0.00,0.9487,,,,,雷阵雨,雷阵雨,多云,
三线,河南,驻马店,小雨,35,0.00,1.0,,,,,小雨,小雨,中雨,
三线,贵州,遵义,多云,33,0.00,1.0,,,,,多云,多云,多云,
三线,河南,安阳,暴雨,31,0.00,0.9737,,,,,小雨,中雨,小雨,
二线,浙江,嘉兴,小雨,36,1.00,0.5263,,,,,多云,晴,小雨,
三线,山东,威海,小雨,28,0.00,1.0,,,,,中雨,小雨,小雨,
四线,安徽,宣城,小雨,35,0.00,1.0,,,,,小雨,晴,小雨,
四线,广东,梅州,多云,36,0.00,0.9189,,,,,多云,中雨,中雨,
三线,安徽,宿州,大雨,28,0.00,1.0,,,,,中雨,小雨,小雨,
三线,海南,三亚,小雨,33,0.00,1.0,,,,,小雨,小雨,多云,
三线,河南,周口,小雨,36,0.00,0.973,,,,,小雨,小雨,中雨,
四线,湖南,湘潭,多云,34,0.00,1.0,,,,,晴,晴,晴,
四线,广西,北海,雷阵雨,32,0.00,1.0,,,,,多云,多云,多云,
四线,湖北,恩施土家族苗族自治州,晴,38,0.00,1.0,,,,,多云,小雨,多云,
四线,湖南,益阳,小雨,33,0.80,0.9722,,,,,小雨,晴,小雨,
四线,西藏,拉萨,小雨,23,0.00,0.9722,,,,,小雨,小雨,多云,
四线,辽宁,营口,多云,30,0.00,1.0,,,,,阵雨,阵雨,阵雨,
四线,内蒙古,赤峰,小雨,29,0.00,0.9444,,,,,多云,小雨,多云,
三线,河南,商丘,小雨,33,0.00,0.8611,,,,,大雨,小雨,小雨,
二线,福建,福州,晴,36,0.00,1.0,,,,,晴,多云,小雨,
四线,内蒙古,鄂尔多斯,小雨,28,0.00,1.0,,,,,小雨,多云,小雨,
四线,山西,大同,小雨,27,0.00,0.9714,,,,,晴,晴,多云,
四线,辽宁,锦州,阵雨,28,0.00,1.0,,,,,阵雨,阵雨,多云,
四线,河北,秦皇岛,雷阵雨,28,0.50,0.6176,,,,,雷阵雨,多云,阴,
四线,江西,景德镇,多云,35,0.00,1.0,,,,,多云,多云,阴,
四线,山西,临汾,小雨,34,0.00,0.8824,,,,,晴,晴,小雨,
三线,陕西,渭南,多云,36,0.00,1.0,,,,,晴,晴,小雨,
四线,湖北,黄石,小雨,32,0.00,1.0,,,,,多云,晴,阴,
四线,广西,钦州,中雨,30,0.00,1.0,,,,,阵雨,阵雨,多云,
四线,福建,三明,晴,37,0.00,1.0,,,,,晴,小雨,小雨,
四线,陕西,榆林,多云,32,0.50,0.6061,,,,,多云,多云,小雨,
三线,山西,运城,晴,34,0.00,1.0,,,,,晴,晴,晴,
四线,辽宁,盘锦,多云,30,0.00,1.0,,,,,阵雨,阵雨,多云,
新一线,河南,郑州,小雨,33,0.00,1.0,,,,,小雨,中雨,小雨,
新一线,重庆,重庆,晴,41,0.00,1.0,,,,,阴,小雨,多云,
四线,湖南,永州,小雨,33,0.00,0.9688,,,,,晴,晴,小雨,
四线,四川,眉山,雷阵雨,39,0.00,1.0,,,,,晴,雷阵雨,多云,
四线,河南,平顶山,小雨,34,0.00,0.9032,,,,,中雨,小雨,中雨,
三线,安徽,六安,中雨,31,0.00,1.0,,,,,小雨,晴,小雨,
四线,山西,晋中,小雨,30,0.00,1.0,,,,,晴,小雨,晴,
四线,河南,焦作,小雨,32,0.00,1.0,,,,,小雨,小雨,小雨,
四线,山东,日照,阴,29,0.00,1.0,,,,,小雨,小雨,小雨,
四线,黑龙江,大庆,中雨,29,0.00,1.0,,,,,小雨,多云,中雨,
四线,四川,遂宁,晴,40,0.00,1.0,,,,,晴,晴,多云,
四线,山西,长治,小雨,27,0.00,1.0,,,,,小雨,小雨,小雨,
四线,广东,云浮,多云,34,0.00,1.0,,,,,晴,多云,雷阵雨,
四线,山东,滨州,小雨,33,0.00,1.0,,,,,小雨,多云,多云,
四线,四川,泸州,晴,40,0.00,1.0,,,,,晴,晴,阵雨,
四线,河北,承德,雷阵雨,28,0.00,1.0,,,,,多云,阴,阴,
新一线,山东,青岛,多云,28,0.00,1.0,,,,,多云,小雨,多云,
四线,四川,凉山彝族自治州,阵雨,32,0.00,0.9,,,,,阵雨,阵雨,阵雨,
四线,内蒙古,呼伦贝尔,阵雨,28,0.50,0.5333,,,,,晴,多云,阵雨,
四线,陕西,汉中,多云,36,0.00,1.0,,,,,小雨,小雨,小雨,
三线,安徽,安庆,小雨,31,0.00,1.0,,,,,小雨,晴,小雨,
四线,河北,张家口,雷阵雨,28,0.00,1.0,,,,,多云,多云,多云,
四线,云南,玉溪,小雨,27,0.00,0.9655,,,,,小雨,小雨,小雨,
四线,河南,濮阳,中雨,31,0.00,1.0,,,,,小雨,中雨,小雨,
三线,宁夏,银川,晴,36,0.00,0.9655,,,,,晴,晴,晴,
四线,山东,东营,小雨,33,0.00,1.0,,,,,小雨,小雨,雷阵雨,
二线,辽宁,沈阳,多云,32,0.00,0.9643,,,,,雷阵雨,雷阵雨,多云,
三线,河南,开封,小雨,33,0.00,1.0,,,,,中雨,中雨,小雨,
四线,四川,达州,晴,39,0.00,1.0,,,,,晴,雷阵雨,多云,
三线,河南,许昌,小雨,33,0.00,1.0,,,,,大雨,小雨,中雨,
四线,湖北,咸宁,中雨,33,0.00,1.0,,,,,多云,晴,阴,
二线,江西,南昌,雷阵雨,34,0.00,1.0,,,,,多云,阴,阴,
四线,安徽,淮北,中雨,29,0.00,1.0,,,,,中雨,小雨,小雨,
四线,贵州,黔东南苗族侗族自治州,晴,32,0.00,1.0,,,,,晴,晴,晴,
四线,吉林,延边,小雨,29,0.00,1.0,,,,,小雨,小雨,小雨,
三线,江苏,连云港,小雨,30,0.00,1.0,,,,,大雨,中雨,小雨,
四线,吉林,吉林,小雨,30,0.00,1.0,,,,,小雨,小雨,小雨,
三线,广东,潮州,晴,34,0.00,1.0,,,,,晴,大雨,雷阵雨,
四线,辽宁,丹东,多云,29,0.00,1.0,,,,,小雨,阵雨,阵雨,
四线,河北,衡水,中雨,32,0.00,0.96,,,,,中雨,雷阵雨,多云,
四线,云南,昭通,多云,30,0.00,1.0,,,,,小雨,阵雨,小雨,
四线,江西,萍乡,多云,35,0.00,1.0,,,,,晴,晴,多云,
四线,内蒙古,通辽,小雨,30,0.00,1.0,,,,,小雨,小雨,多云,
三线,安徽,滁州,中雨,29,0.00,1.0,,,,,小雨,晴,小雨,
二线,云南,昆明,小雨,26,0.00,1.0,,,,,小雨,小雨,小雨,
四线,广西,梧州,阵雨,34,0.00,1.0,,,,,多云,多云,中雨,
四线,辽宁,辽阳,多云,32,0.00,1.0,,,,,雷阵雨,多云,雷阵雨,
四线,山西,晋城,中雨,29,0.00,1.0,,,,,小雨,小雨,小雨,
四线,广西,百色,阵雨,34,0.00,1.0,,,,,阵雨,多云,多云,
四线,辽宁,葫芦岛,阵雨,29,0.00,1.0,,,,,雷阵雨,雷阵雨,雷阵雨,
四线,安徽,黄山,晴,35,0.00,1.0,,,,,多云,晴,小雨,
四线,陕西,安康,多云,38,0.00,0.8696,,,,,晴,晴,小雨,
四线,四川,广安,晴,40,0.00,1.0,,,,,多云,晴,多云,
四线,四川,内江,晴,40,0.00,0.8696,,,,,晴,晴,多云,
四线,湖北,十堰,小雨,35,0.00,1.0,,,,,小雨,小雨,小雨,
四线,辽宁,本溪,多云,32,0.00,1.0,,,,,阵雨,雷阵雨,阵雨,
四线,四川,广元,雷阵雨,38,0.00,1.0,,,,,雷阵雨,雷阵雨,多云,
四线,贵州,铜仁,多云,34,0.00,1.0,,,,,多云,多云,多云,
二线,江苏,常州,多云,34,0.50,0.9091,,,,,小雨,多云,多云,
四线,黑龙江,绥化,小雨,30,0.00,1.0,,,,,中雨,小雨,小雨,
四线,黑龙江,牡丹江,阵雨,31,0.00,1.0,,,,,阴,小雨,小雨,
四线,辽宁,抚顺,阵雨,32,0.00,1.0,,,,,中雨,大雨,雷阵雨,
四线,四川,雅安,雷阵雨,35,0.00,0.7143,,,,,雷阵雨,晴,阵雨,
四线,山西,忻州,小雨,28,0.00,0.9048,,,,,晴,晴,晴,
四线,贵州,毕节,多云,31,0.00,0.8571,,,,,多云,阵雨,阵雨,
四线,四川,巴中,多云,39,0.00,1.0,,,,,晴,雷阵雨,多云,
四线,四川,自贡,晴,40,0.00,1.0,,,,,雷阵雨,晴,多云,
四线,河南,漯河,小雨,36,0.00,1.0,,,,,中雨,小雨,小雨,
四线,陕西,延安,多云,31,0.00,0.9,,,,,多云,小雨,小雨,
四线,广西,河池,阵雨,32,0.00,0.95,,,,,阵雨,阵雨,多云,
四线,湖北,荆门,多云,33,0.00,1.0,,,,,多云,多云,阴,
四线,辽宁,朝阳,小雨,29,0.00,1.0,,,,,雷阵雨,阵雨,阵雨,
四线,山西,吕梁,小雨,30,0.00,0.8947,,,,,晴,晴,晴,
四线,吉林,通化,小雨,30,0.00,1.0,,,,,小雨,小雨,小雨,
四线,四川,攀枝花,雷阵雨,34,0.00,1.0,,,,,阵雨,阵雨,多云,
四线,贵州,黔西南布依族苗族自治州,多云,28,0.00,0.9444,,,,,多云,多云,多云,
四线,江西,鹰潭,晴,36,0.00,1.0,,,,,晴,晴,阴,
三线,云南,西双版纳傣族自治州,小雨,32,0.00,1.0,,,,,中雨,小雨,小雨,
四线,黑龙江,佳木斯,小雨,27,0.00,1.0,,,,,小雨,小雨,多云,
四线,安徽,铜陵,雷阵雨,34,0.00,1.0,,,,,雷阵雨,晴,雷阵雨,
四线,贵州,六盘水,多云,28,0.00,0.8889,,,,,阵雨,阵雨,中雨,
四线,广西,贺州,阵雨,34,0.00,1.0,,,,,多云,晴,小雨,
四线,云南,普洱,小雨,27,0.00,1.0,,,,,小雨,小雨,小雨,
新一线,广东,佛山,晴,36,0.00,1.0,,,,,晴,多云,中雨,
四线,湖南,张家界,晴,38,0.00,1.0,,,,,小雨,小雨,小雨,
四线,广西,来宾,阵雨,32,0.00,1.0,,,,,阵雨,多云,多云,
二线,甘肃,兰州,晴,36,0.00,1.0,,,,,晴,多云,多云,
四线,山西,阳泉,小雨,29,0.00,1.0,,,,,小雨,小雨,小雨,
四线,内蒙古,巴彦淖尔,晴,35,0.00,1.0,,,,,晴,晴,晴,
二线,山东,烟台,阴,28,0.00,1.0,,,,,小雨,小雨,小雨,
四线,吉林,松原,小雨,30,0.00,1.0,,,,,小雨,小雨,小雨,
三线,湖南,湘西土家族苗族自治州,小雨,34,0.00,1.0,,,,,小雨,小雨,小雨,
四线,甘肃,天水,晴,36,0.00,1.0,,,,,晴,多云,小雨,
四线,四川,甘孜藏族自治州,阵雨,23,0.50,0.625,,,,,阵雨,晴,阵雨,
四线,云南,丽江,小雨,27,0.00,1.0,,,,,小雨,多云,多云,
四线,辽宁,铁岭,多云,31,0.00,1.0,,,,,雷阵雨,雷阵雨,雷阵雨,
三线,云南,红河哈尼族彝族自治州,小雨,28,0.00,1.0,,,,,中雨,小雨,阴,
四线,湖北,鄂州,中雨,32,0.00,1.0,,,,,小雨,晴,阴,
四线,广西,崇左,阵雨,32,0.00,1.0,,,,,阵雨,阵雨,多云,
四线,云南,楚雄彝族自治州,多云,27,0.00,1.0,,,,,阵雨,小雨,小雨,
四线,云南,保山,多云,27,0.00,1.0,,,,,小雨,阵雨,小雨,
四线,安徽,池州,小雨,33,0.00,1.0,,,,,小雨,晴,小雨,
四线,云南,临沧,小雨,28,0.00,1.0,,,,,小雨,小雨,小雨,
四线,江西,新余,雷阵雨,34,0.00,1.0,,,,,多云,多云,雷阵雨,
四线,四川,资阳,多云,39,0.00,0.9286,,,,,多云,晴,多云,
四线,内蒙古,乌兰察布,小雨,27,0.00,0.9286,,,,,阵雨,多云,多云,
四线,辽宁,阜新,多云,30,0.00,1.0,,,,,雷阵雨,雷阵雨,多云,
四线,贵州,安顺,多云,29,0.00,1.0,,,,,多云,雷阵雨,多云,
四线,河南,三门峡,小雨,31,0.00,1.0,,,,,晴,多云,小雨,
四线,湖北,随州,多云,34,0.00,1.0,,,,,多云,多云,多云,
四线,甘肃,陇南,多云,37,0.00,0.7692,,,,,晴,晴,小雨,
四线,吉林,四平,小雨,30,0.00,1.0,,,,,小雨,小雨,小雨,
三线,湖北,仙桃,晴,34,0.00,1.0,,,,,多云,晴,多云,
四线,山西,朔州,晴,27,0.00,1.0,,,,,晴,多云,多云,
四线,吉林,白城,小雨,29,0.00,1.0,,,,,小雨,小雨,小雨,
三线,云南,德宏傣族景颇族自治州,阵雨,29,0.00,1.0,,,,,小雨,小雨,小雨,
四线,海南,万宁,多云,34,0.00,1.0,,,,,多云,多云,雷阵雨,
四线,海南,儋州,雷阵雨,35,0.00,1.0,,,,,多云,多云,雷阵雨,
四线,河南,鹤壁,大雨,31,0.00,1.0,,,,,多云,中雨,小雨,
四线,黑龙江,黑河,小雨,28,0.00,1.0,,,,,中雨,小雨,小雨,
四线,黑龙江,鸡西,小雨,29,0.00,1.0,,,,,阵雨,小雨,阵雨,
四线,甘肃,庆阳,晴,29,0.00,1.0,,,,,晴,晴,小雨,
四线,广西,防城港,阵雨,30,0.00,1.0,,,,,中雨,多云,多云,
四线,内蒙古,乌海,晴,38,0.00,1.0,,,,,多云,晴,小雨,
四线,海南,琼海,多云,34,0.00,1.0,,,,,多云,多云,雷阵雨,
三线,新疆,伊犁哈萨克自治州,多云,29,0.00,0.7273,,,,,小雨,多云,多云,
四线,甘肃,白银,晴,34,0.00,1.0,,,,,晴,晴,多云,
四线,陕西,铜川,多云,34,0.00,0.9,,,,,晴,晴,小雨,
四线,陕西,商洛,小雨,35,0.50,0.8,,,,,小雨,小雨,小雨,
四线,甘肃,武威,晴,38,0.00,1.0,,,,,多云,晴,小雨,
四线,甘肃,张掖,晴,39,0.00,1.0,,,,,晴,晴,小雨,
三线,新疆,昌吉回族自治州,阴,29,0.00,0.9,,,,,阴,小雨,阴,
四线,吉林,白山,小雨,29,0.00,0.8889,,,,,小雨,小雨,小雨,
四线,甘肃,酒泉,晴,37,0.00,1.0,,,,,多云,晴,小雨,
四线,黑龙江,双鸭山,阵雨,31,0.00,1.0,,,,,阵雨,阵雨,阵雨,
四线,黑龙江,鹤岗,小雨,28,0.00,1.0,,,,,中雨,小雨,阵雨,
三线,贵州,黔南布依族苗族自治州,多云,31,0.00,1.0,,,,,晴,阵雨,多云,
四线,甘肃,平凉,晴,33,0.00,1.0,,,,,晴,小雨,小雨,
四线,海南,文昌,多云,34,0.00,1.0,,,,,多云,多云,雷阵雨,
三线,新疆,石河子,小雨,30,0.00,1.0,,,,,阴,小雨,阴,
四线,吉林,辽源,小雨,31,0.00,1.0,,,,,小雨,小雨,小雨,
四线,黑龙江,伊春,阵雨,29,0.00,1.0,,,,,小雨,中雨,小雨,
四线,甘肃,定西,晴,30,0.00,1.0,,,,,晴,多云,多云,
三线,湖北,潜江,晴,34,0.00,1.0,,,,,多云,晴,多云,
二线,贵州,贵阳,多云,31,0.00,1.0,,,,,多云,多云,多云,
二线,广东,中山,多云,34,0.00,1.0,,,,,晴,雷阵雨,雷阵雨,
三线,云南,文山壮族苗族自治州,小雨,28,0.00,1.0,,,,,小雨,小雨,小雨,
四线,宁夏,固原,晴,31,0.00,1.0,,,,,晴,晴,晴,
三线,内蒙古,兴安,小雨,29,0.00,0.8,,,,,小雨,多云,中雨,
四线,宁夏,石嘴山,晴,36,0.00,1.0,,,,,晴,晴,晴,
四线,宁夏,吴忠,晴,36,0.00,1.0,,,,,晴,晴,晴,
三线,甘肃,临夏回族自治州,晴,32,0.00,0.8,,,,,晴,多云,小雨,
二线,吉林,长春,雷阵雨,31,0.00,1.0,,,,,雷阵雨,小雨,小雨,
二线,黑龙江,哈尔滨,雷阵雨,29,0.00,1.0,,,,,中雨,雷阵雨,小雨,
四线,海南,东方,多云,33,0.00,1.0,,,,,多云,多云,雷阵雨,
四线,黑龙江,七台河,小雨,29,0.00,1.0,,,,,小雨,多云,阵雨,
三线,甘肃,甘南藏族自治州,晴,25,0.00,0.75,,,,,阵雨,多云,小雨,
四线,青海,海东,晴,32,0.00,1.0,,,,,多云,小雨,小雨,
四线,甘肃,金昌,晴,39,0.00,1.0,,,,,晴,晴,多云,
三线,河南,济源,小雨,32,0.00,1.0,,,,,小雨,小雨,小雨,
二线,山西,太原,小雨,31,0.00,1.0,,,,,多云,晴,晴,
四线,甘肃,嘉峪关,晴,38,0.00,1.0,,,,,多云,多云,小雨,
三线,云南,迪庆藏族自治州,阵雨,21,0.50,0.6667,,,,,小雨,多云,阵雨,
三线,新疆,巴音郭楞蒙古自治州,阴,37,0.00,1.0,,,,,阴,阴,阴,
三线,湖北,天门,多云,34,0.00,1.0,,,,,多云,多云,阴,
四线,宁夏,中卫,晴,36,0.00,1.0,,,,,晴,晴,晴,
三线,四川,阿坝藏族羌族自治州,多云,30,0.50,0.6667,,,,,多云,阵雨,阵雨,
三线,云南,怒江傈僳族自治州,阵雨,31,0.00,1.0,,,,,小雨,小雨,小雨,
四线,海南,五指山,多云,33,0.00,1.0,,,,,雷阵雨,雷阵雨,雷阵雨,
新一线,广东,东莞,晴,35,0.00,1.0,,,,,晴,雷阵雨,大雨,
三线,新疆,哈密,多云,39,0.50,1.0,,,,,多云,阴,阴,
二线,广东,珠海,晴,33,0.00,1.0,,,,,晴,雷阵雨,中雨,
三线,新疆,克拉玛依,多云,31,0.00,1.0,,,,,小雨,小雨,小雨,
三线,内蒙古,阿拉善盟,晴,35,0.00,1.0,,,,,晴,晴,小雨,
,浙江,嘉兴,小雨,36,0,0.0,,,,,多云,晴,小雨,
,湖南,长沙,雷阵雨,35,0,0.0,,,,,晴,晴,小雨,
,广东,广州,晴,35,0,0.0,,,,,晴,雷阵雨,中雨,
,江苏,淮安,中雨,29,0,0.0,,,,,小雨,小雨,小雨,
,辽宁,沈阳,多云,32,0,0.0,,,,,雷阵雨,雷阵雨,多云,
,湖南,益阳,小雨,33,0,0.0,,,,,小雨,晴,小雨,
,江苏,南通,多云,33,0,0.0,,,,,多云,晴,多云,
,陕西,延安,多云,31,0,0.0,,,,,多云,小雨,小雨,
,四川,绵阳,雷阵雨,38,0,0.0,,,,,雷阵雨,多云,多云,
,浙江,杭州,小雨,37,0,0.0,,,,,多云,晴,小雨,
,山东,济南,小雨,31,0,0.0,,,,,中雨,小雨,雷阵雨,